frame_index,timestamp,nose_x,nose_y,nose_z,nose_visibility,left_shoulder_x,left_shoulder_y,left_shoulder_z,left_shoulder_visibility,right_shoulder_x,right_shoulder_y,right_shoulder_z,right_shoulder_visibility,left_elbow_x,left_elbow_y,left_elbow_z,left_elbow_visibility,right_elbow_x,right_elbow_y,right_elbow_z,right_elbow_visibility,left_wrist_x,left_wrist_y,left_wrist_z,left_wrist_visibility,right_wrist_x,right_wrist_y,right_wrist_z,right_wrist_visibility
1,0.0470,0.748213,0.475623,-0.667030,0.999630,0.916205,0.736915,-0.545397,0.975019,0.690615,0.686036,0.254183,0.990939,0.937312,1.147382,-0.665305,0.581803,0.565905,0.847758,0.541171,0.212938,0.778165,1.341357,-0.622370,0.328071,0.427492,0.893662,0.415669,0.175978
2,0.0904,0.729152,0.475743,-0.667848,0.999643,0.906351,0.737758,-0.571124,0.977210,0.681596,0.679273,0.256747,0.991687,0.935483,1.138855,-0.672100,0.590328,0.533062,0.817323,0.443734,0.216883,0.781030,1.374776,-0.605567,0.308843,0.415603,0.885987,0.163026,0.170160
3,0.1316,0.710867,0.480809,-0.668873,0.999622,0.903068,0.743802,-0.594608,0.978753,0.680091,0.683800,0.206532,0.992263,0.946656,1.163580,-0.668749,0.584353,0.560572,0.984057,0.339046,0.208935,0.814325,1.414756,-0.585553,0.284309,0.488647,1.261055,0.036756,0.156226
4,0.1817,0.673981,0.502580,-0.667218,0.999610,0.892399,0.756639,-0.574980,0.980673,0.608945,0.684064,0.205397,0.992833,0.943808,1.185960,-0.624621,0.574848,0.550526,1.006855,0.352544,0.199876,0.886615,1.486213,-0.606597,0.260342,0.493615,1.266609,-0.033125,0.142576
5,0.2305,0.667495,0.517811,-0.804040,0.999484,0.887976,0.764688,-0.563294,0.982241,0.584871,0.719520,0.165926,0.993124,0.981432,1.154672,-0.634361,0.568580,0.545781,1.055698,0.415072,0.200389,0.939490,1.478616,-0.695139,0.238464,0.496527,1.367231,0.057349,0.130607
6,0.2802,0.658725,0.528540,-0.800025,0.999417,0.879875,0.765432,-0.523270,0.983829,0.581721,0.726826,0.177484,0.993572,0.981566,1.140591,-0.616713,0.585422,0.536480,1.054943,0.476904,0.203010,0.924732,1.450606,-0.701790,0.221876,0.497279,1.357720,0.166765,0.120449
7,0.3308,0.652078,0.535261,-0.758786,0.999455,0.865165,0.772546,-0.497314,0.985336,0.580386,0.726415,0.175450,0.994056,0.968125,1.148879,-0.580482,0.593677,0.532749,1.045806,0.394118,0.197772,0.902413,1.442136,-0.646492,0.205681,0.492150,1.300441,0.002994,0.110935
8,0.3798,0.642955,0.547738,-0.773084,0.999396,0.873069,0.785738,-0.545867,0.986386,0.594841,0.744908,0.147467,0.994316,0.984903,1.167848,-0.588242,0.589132,0.525970,1.064773,0.422616,0.202226,0.914698,1.429588,-0.685987,0.191581,0.492110,1.342838,0.112423,0.105097
9,0.4656,0.641244,0.552443,-0.834480,0.999356,0.871298,0.787308,-0.624449,0.987482,0.600389,0.750684,0.072730,0.994544,0.980790,1.164540,-0.658059,0.591398,0.534720,1.064986,0.389847,0.200291,0.904089,1.433731,-0.697412,0.178985,0.497843,1.330315,0.085869,0.098860
10,0.5114,0.649094,0.549468,-0.798899,0.999404,0.870955,0.783712,-0.561592,0.988580,0.600238,0.748050,0.067287,0.994885,0.974032,1.161165,-0.611114,0.599983,0.537093,1.070990,0.297412,0.198026,0.894859,1.435720,-0.726921,0.171016,0.494203,1.331890,-0.001796,0.093407
11,0.5677,0.656379,0.546593,-0.870247,0.999420,0.861943,0.779576,-0.585278,0.989399,0.599193,0.746542,-0.050266,0.995142,0.970364,1.156095,-0.638339,0.614058,0.539411,1.065187,0.116311,0.201351,0.869414,1.426547,-0.741304,0.165086,0.497606,1.319116,-0.203123,0.089345
12,0.6224,0.660972,0.545537,-0.833984,0.999434,0.866207,0.778432,-0.672755,0.989353,0.626664,0.753605,0.032290,0.995060,0.968606,1.154117,-0.734024,0.616757,0.596557,1.075087,0.199317,0.189987,0.822303,1.413385,-0.734696,0.168156,0.538428,1.305105,-0.132864,0.086388
13,0.6693,0.663129,0.544144,-0.921350,0.999457,0.866577,0.762068,-0.715120,0.989529,0.641386,0.755086,0.018429,0.995101,0.960090,1.146409,-0.828124,0.625363,0.602605,1.077623,0.157798,0.185041,0.777905,1.378621,-0.905190,0.182245,0.545496,1.307688,-0.164610,0.087475
14,0.7356,0.696697,0.514779,-0.920017,0.999493,0.892218,0.756863,-0.517635,0.986126,0.656771,0.761167,0.112186,0.994000,0.959035,1.075687,-0.805268,0.606901,0.613408,1.056775,0.139233,0.174061,0.768341,1.095702,-1.162932,0.189358,0.574232,1.131031,-0.445048,0.090238
15,0.7892,0.718593,0.497600,-0.968658,0.999529,0.902034,0.756353,-0.529915,0.979359,0.663451,0.749915,0.100993,0.992509,0.923967,1.032449,-0.865964,0.589026,0.623305,1.013425,0.043781,0.162882,0.731835,0.977355,-1.212880,0.198317,0.582239,1.076353,-0.552258,0.089605
16,0.8355,0.732922,0.488642,-0.952688,0.999559,0.908430,0.754376,-0.529999,0.969340,0.674885,0.742412,0.102146,0.989702,0.908730,1.009438,-0.877322,0.566571,0.625909,0.934247,-0.016391,0.153430,0.725448,0.930650,-1.189325,0.202748,0.596361,0.986123,-0.647876,0.089355
17,0.9061,0.745095,0.483832,-0.923762,0.999576,0.922544,0.736297,-0.506446,0.958581,0.682407,0.737994,0.128496,0.986152,0.905408,0.961527,-0.873376,0.547936,0.619478,0.910127,-0.064668,0.145977,0.724980,0.881215,-1.195244,0.209141,0.594071,0.942174,-0.794535,0.091012
18,0.9498,0.788413,0.477777,-0.911718,0.999572,0.961410,0.705232,-0.334394,0.956325,0.706245,0.726626,0.057640,0.986260,0.977830,0.958257,-0.576714,0.544312,0.623116,0.931698,-0.032732,0.163795,0.760480,0.912280,-1.015912,0.230025,0.585489,0.997353,-0.691028,0.129637
19,1.0062,0.806123,0.468815,-0.902365,0.999597,0.972001,0.701406,-0.340567,0.951947,0.717323,0.726844,0.016853,0.986491,0.991125,0.975189,-0.577086,0.527840,0.625138,0.931027,-0.166726,0.182800,0.777705,0.945658,-0.973030,0.236424,0.583046,0.945898,-0.910550,0.171145
20,1.0678,0.823180,0.461164,-0.901314,0.999620,0.980991,0.705720,-0.221136,0.949111,0.713760,0.724768,-0.080912,0.987004,1.004997,0.960186,-0.483628,0.509439,0.623869,0.940969,-0.227960,0.220443,0.834622,0.930278,-0.989067,0.239419,0.596796,0.990352,-0.850135,0.208126
21,1.1121,0.827457,0.462090,-0.829958,0.999641,0.979204,0.708955,-0.293731,0.948742,0.729330,0.717115,-0.031701,0.987524,0.996166,0.975297,-0.545885,0.504299,0.636777,0.942523,-0.155400,0.237045,0.791823,0.942584,-0.944360,0.251697,0.606904,1.014575,-0.759153,0.229104
22,1.1654,0.836596,0.463959,-0.757970,0.999651,0.985761,0.710953,-0.342903,0.951166,0.740847,0.713139,-0.011017,0.988223,0.992988,1.074590,-0.534445,0.510698,0.641784,0.971986,-0.136839,0.255422,0.791648,1.069162,-0.731504,0.253244,0.632983,0.976857,-0.819322,0.250963
23,1.2484,0.879693,0.465586,-0.803495,0.999596,1.003896,0.715003,-0.423263,0.955424,0.799231,0.710073,0.056516,0.989283,1.068019,1.108711,-0.538895,0.540216,0.691954,0.952483,0.157309,0.295890,0.881473,1.181128,-0.726562,0.244777,0.673802,1.018575,-0.364919,0.261390
24,1.3133,0.892739,0.466170,-0.883456,0.999489,1.098856,0.722882,-0.406171,0.958809,0.801854,0.709120,-0.026072,0.990180,1.125013,1.105136,-0.430243,0.539268,0.692671,0.949215,-0.109228,0.346677,1.043257,1.327731,-0.716697,0.227042,0.680606,1.024745,-0.874571,0.297116
25,1.3540,0.897363,0.466897,-0.887765,0.999427,1.116688,0.727725,-0.406269,0.962239,0.810454,0.709178,-0.007042,0.990938,1.124900,1.106622,-0.473336,0.540801,0.691518,0.948666,-0.117774,0.387492,1.010318,1.297339,-0.742131,0.211818,0.706245,1.006584,-0.904286,0.314631
26,1.4052,0.919490,0.467500,-0.892104,0.999368,1.141842,0.744142,-0.404802,0.965207,0.822778,0.709854,-0.002734,0.991516,1.150871,1.111806,-0.477377,0.543944,0.716185,0.932498,-0.159522,0.420550,1.064967,1.355305,-0.746538,0.199650,0.699534,0.993228,-0.974018,0.322951
27,1.4555,0.927614,0.468024,-0.897550,0.999262,1.129750,0.745244,-0.324379,0.967491,0.822653,0.713833,-0.066040,0.991927,1.127903,1.106464,-0.436153,0.540224,0.711651,0.934677,-0.162526,0.445215,0.991082,1.293163,-0.779597,0.193087,0.689159,1.079955,-0.874856,0.317845
28,1.5053,0.918872,0.470551,-0.898636,0.999077,1.124663,0.745159,-0.339733,0.969653,0.824898,0.714264,-0.040143,0.992398,1.109368,1.103247,-0.460910,0.540860,0.720343,0.935678,-0.033281,0.461840,0.965927,1.266815,-0.881274,0.185601,0.691049,1.149927,-0.630229,0.304959
29,1.5601,0.918756,0.475331,-0.898185,0.998965,1.131111,0.744822,-0.354498,0.971838,0.830069,0.714316,-0.053899,0.992820,1.115436,1.100971,-0.462519,0.532664,0.721845,0.937551,-0.090515,0.475641,0.972054,1.248622,-0.831816,0.176292,0.686312,1.138749,-0.731907,0.292921
30,1.6138,0.915749,0.476076,-0.833479,0.998927,1.118121,0.750827,-0.487605,0.973540,0.833949,0.714472,0.069094,0.993184,1.088957,1.121330,-0.625644,0.529964,0.716395,0.938728,0.054682,0.470481,0.920669,1.242479,-0.818810,0.170565,0.681960,1.145954,-0.577321,0.275870
31,1.6729,0.912992,0.476479,-0.794499,0.998846,1.051348,0.746816,-0.493298,0.973374,0.832672,0.714939,0.094121,0.993241,1.035290,1.115987,-0.653480,0.519755,0.712217,0.939618,0.059418,0.453866,0.849697,1.069621,-0.771356,0.167398,0.658540,1.137459,-0.568618,0.260598
32,1.7529,0.909328,0.476597,-0.772460,0.998842,1.021250,0.744122,-0.476823,0.974558,0.832826,0.711616,0.146233,0.993445,1.021294,1.103597,-0.672208,0.530626,0.709996,0.939967,0.123835,0.443330,0.818220,1.030811,-0.825629,0.177521,0.637477,1.084621,-0.489363,0.250918
33,1.8069,0.906911,0.476672,-0.773962,0.998820,1.016316,0.736330,-0.467347,0.975848,0.830605,0.708561,0.136367,0.993568,1.021654,1.078360,-0.679433,0.535843,0.708369,0.940411,0.066868,0.442035,0.809568,1.000931,-0.854360,0.191366,0.634675,1.069025,-0.572673,0.248709
34,1.8526,0.905371,0.476511,-0.778692,0.998739,1.009325,0.733192,-0.462631,0.976971,0.829358,0.708756,0.120853,0.993639,1.027276,1.074210,-0.694065,0.539037,0.707595,0.940857,0.150757,0.434179,0.828884,1.043143,-1.019716,0.190364,0.635452,1.107527,-0.396330,0.236700
35,1.9030,0.904769,0.476395,-0.785355,0.998563,0.997422,0.733194,-0.458806,0.977597,0.828221,0.707204,0.107143,0.993657,1.021639,1.078929,-0.682538,0.535696,0.707353,0.941084,0.157070,0.421387,0.831827,1.082694,-0.937050,0.180798,0.637272,1.118769,-0.368309,0.221534
36,1.9582,0.901008,0.476384,-0.712662,0.998597,1.003106,0.727792,-0.466981,0.978693,0.827797,0.707125,0.185867,0.993991,1.012704,1.057568,-0.665755,0.532543,0.707848,0.944607,0.199530,0.419126,0.812039,1.028864,-0.792742,0.184092,0.638427,1.157819,-0.342699,0.214814
37,2.0069,0.899076,0.476411,-0.695258,0.998664,1.002441,0.724873,-0.472826,0.979614,0.828094,0.706567,0.228656,0.994231,0.995810,1.045164,-0.659895,0.535682,0.707705,0.945628,0.190647,0.420160,0.789769,1.012501,-0.721661,0.190352,0.631411,1.123247,-0.411688,0.212684
38,2.0508,0.897925,0.476440,-0.713823,0.998512,1.004892,0.716622,-0.434577,0.980457,0.827646,0.706192,0.184769,0.994333,1.002711,1.042388,-0.624035,0.526576,0.707988,0.945807,0.176055,0.423527,0.804872,1.055147,-0.746772,0.182951,0.631242,1.129133,-0.340929,0.206829
39,2.1057,0.897732,0.476756,-0.688023,0.998429,1.002725,0.716674,-0.429172,0.981582,0.827537,0.706244,0.170391,0.994605,1.004629,1.045081,-0.622026,0.517590,0.712218,0.946123,0.219564,0.421474,0.812453,1.077371,-0.749915,0.175776,0.631226,1.165270,-0.200926,0.197966
40,2.1551,0.896471,0.477102,-0.666049,0.998479,0.999828,0.713957,-0.436499,0.982513,0.828427,0.706417,0.197199,0.994812,0.997613,1.039200,-0.637904,0.519801,0.714051,0.946239,0.195580,0.410618,0.795647,1.021252,-0.762952,0.178430,0.645910,1.155809,-0.312565,0.188849
41,2.2068,0.892915,0.477134,-0.635767,0.998571,0.992076,0.713137,-0.442644,0.983723,0.828395,0.705205,0.233694,0.994988,0.966251,1.040341,-0.637758,0.528864,0.714156,0.946835,0.197338,0.386844,0.759367,1.010091,-0.701807,0.186636,0.659228,1.150589,-0.346679,0.176332
42,2.2538,0.889345,0.477109,-0.620245,0.998589,0.989070,0.711266,-0.439530,0.984440,0.828222,0.705220,0.240895,0.995121,0.972570,1.029584,-0.640554,0.531188,0.714340,0.947924,0.258320,0.377807,0.772867,1.007061,-0.709772,0.186774,0.658083,1.147994,-0.203790,0.169039
43,2.3034,0.884748,0.477331,-0.645178,0.998499,0.987583,0.710707,-0.432615,0.985136,0.828183,0.704437,0.218965,0.995298,0.972019,1.031220,-0.599518,0.525551,0.714564,0.947999,0.241338,0.373870,0.778363,1.047455,-0.718971,0.182198,0.649178,1.147251,-0.220687,0.163730
44,2.3524,0.881714,0.477354,-0.631363,0.998414,0.987838,0.710796,-0.432403,0.986017,0.827800,0.707062,0.209299,0.995431,0.985466,1.035502,-0.580159,0.518261,0.714098,0.949768,0.229031,0.372566,0.837099,1.175972,-0.714903,0.169982,0.635732,1.158125,-0.227273,0.155073
45,2.4028,0.878504,0.477252,-0.586844,0.998347,0.988748,0.709544,-0.441492,0.986538,0.827756,0.709515,0.234213,0.995506,0.984989,1.036795,-0.588626,0.502053,0.712714,0.956633,0.268141,0.362854,0.833385,1.147192,-0.666436,0.158614,0.636403,1.186486,-0.156603,0.145991
46,2.4526,0.877759,0.477190,-0.568171,0.998292,0.988973,0.708022,-0.442947,0.987144,0.827650,0.710416,0.244855,0.995511,0.973918,1.037557,-0.607288,0.497854,0.712529,0.960527,0.299132,0.354475,0.801254,1.132073,-0.673283,0.151880,0.632962,1.183546,-0.090953,0.138471
47,2.5025,0.876031,0.477088,-0.582317,0.998146,0.989498,0.707014,-0.443750,0.987340,0.826829,0.710417,0.231909,0.995532,0.971526,1.037673,-0.607552,0.485163,0.711436,0.965364,0.276585,0.344831,0.784208,1.099596,-0.684998,0.147003,0.625977,1.192891,-0.078881,0.132148
48,2.5623,0.875836,0.476990,-0.540388,0.998170,0.989483,0.706432,-0.440121,0.988053,0.826751,0.714574,0.226845,0.995689,0.977923,1.038042,-0.588244,0.484723,0.711292,0.971622,0.172231,0.351532,0.791112,1.111333,-0.620484,0.141490,0.620573,1.108703,-0.340947,0.136176
49,2.6298,0.875703,0.476950,-0.541581,0.998236,0.987357,0.706300,-0.438840,0.988752,0.826695,0.714850,0.188491,0.995940,0.991852,1.038457,-0.554278,0.483018,0.709956,0.967940,0.145529,0.361862,0.823322,1.156298,-0.606957,0.133416,0.621130,1.116695,-0.353001,0.134742
50,2.6941,0.875694,0.477328,-0.564257,0.998330,0.987689,0.706269,-0.416240,0.989540,0.826415,0.714816,0.182402,0.996181,1.012104,1.050883,-0.508197,0.482787,0.707230,0.964037,0.127237,0.375999,0.861325,1.214230,-0.568356,0.125652,0.617249,1.097779,-0.381910,0.137292
51,2.7370,0.875751,0.478805,-0.579415,0.998336,0.987886,0.705319,-0.397317,0.990138,0.825954,0.714477,0.169573,0.996376,1.018865,1.048829,-0.499063,0.486431,0.705341,0.961922,0.134871,0.395150,0.859876,1.193151,-0.601910,0.120335,0.618464,1.103988,-0.357531,0.141647
52,2.7864,0.877109,0.479587,-0.782227,0.998300,0.988124,0.704430,-0.346903,0.990704,0.823927,0.711850,-0.008125,0.996635,1.053986,1.054913,-0.392920,0.486339,0.702712,0.957613,-0.003714,0.429449,0.927494,1.222980,-0.619858,0.112731,0.635877,1.116510,-0.522280,0.149461
53,2.8398,0.877139,0.481287,-0.759433,0.998154,0.989651,0.700162,-0.351161,0.991081,0.823142,0.709310,0.010217,0.996793,1.061535,1.055974,-0.453284,0.487419,0.702633,0.954882,-0.008640,0.451290,0.925128,1.208327,-0.734843,0.107684,0.642538,1.119624,-0.533578,0.154890
54,2.9064,0.876845,0.483126,-0.720754,0.998261,0.989764,0.700122,-0.365394,0.991544,0.823130,0.706433,0.070184,0.996946,1.052088,1.056724,-0.468049,0.494139,0.693973,0.927642,-0.090692,0.485101,0.921037,1.220496,-0.605155,0.112789,0.639626,0.851441,-0.858913,0.223634
55,2.9573,0.876772,0.487954,-0.716539,0.998294,0.989732,0.701945,-0.375367,0.991896,0.826421,0.706275,0.081850,0.997112,1.046407,1.061915,-0.459108,0.493866,0.697524,0.929623,0.107066,0.489487,0.917109,1.218176,-0.529700,0.105269,0.644942,1.075001,-0.321089,0.209663
56,3.0058,0.876247,0.490547,-0.679539,0.998358,0.987584,0.704266,-0.379910,0.991679,0.825452,0.706253,0.111183,0.997162,0.994437,1.055007,-0.472146,0.481465,0.696621,0.931810,0.187135,0.490226,0.840289,1.189697,-0.574042,0.100819,0.629682,1.138878,-0.166502,0.201815
57,3.0555,0.875829,0.492493,-0.670668,0.998301,0.987684,0.703932,-0.382706,0.991635,0.825087,0.706597,0.136362,0.997183,1.010318,1.050129,-0.521021,0.477828,0.698359,0.938294,0.234119,0.497069,0.867930,1.197964,-0.752055,0.096851,0.626253,1.187148,-0.130982,0.196475
58,3.1049,0.875497,0.492619,-0.670176,0.998303,0.984190,0.705778,-0.380127,0.990643,0.823314,0.708246,0.128093,0.997134,0.985558,1.046487,-0.514387,0.463112,0.697378,0.943737,0.196287,0.492320,0.817884,1.131781,-0.711707,0.093352,0.626574,1.196183,-0.170714,0.190746
59,3.1555,0.875046,0.489923,-0.729350,0.998329,0.984263,0.707210,-0.356347,0.990330,0.816380,0.711099,0.050874,0.997132,0.990076,1.050151,-0.468406,0.457088,0.697680,0.954050,0.115232,0.500663,0.821945,1.137864,-0.694426,0.091332,0.628099,1.199540,-0.250054,0.190731
60,3.2026,0.872757,0.489891,-0.717550,0.998320,0.984989,0.707201,-0.359930,0.990664,0.815873,0.711225,0.053123,0.997204,1.000853,1.052184,-0.481698,0.462113,0.700150,0.953793,0.156073,0.510084,0.841593,1.180750,-0.731193,0.090004,0.628231,1.191294,-0.245964,0.187976
61,3.2515,0.871708,0.489775,-0.738929,0.998315,0.986428,0.708930,-0.362799,0.990656,0.814702,0.711542,0.071060,0.997217,1.017017,1.056173,-0.526529,0.469624,0.702424,0.953861,0.118323,0.520726,0.849421,1.180357,-0.817057,0.090680,0.628335,1.183681,-0.370723,0.191315
62,3.3087,0.871270,0.488422,-0.737409,0.998258,0.986980,0.712107,-0.380161,0.990283,0.813525,0.711547,0.097893,0.997170,1.024704,1.056256,-0.622731,0.475378,0.699762,0.953851,0.186230,0.529653,0.850172,1.151688,-0.959920,0.091829,0.624356,1.179650,-0.278766,0.193228
63,3.3550,0.870303,0.487365,-0.722740,0.998265,0.991464,0.711622,-0.415124,0.990118,0.813615,0.712385,0.145760,0.997110,1.021020,1.055930,-0.631148,0.479090,0.699958,0.955648,0.175494,0.529664,0.828429,1.124113,-0.868552,0.095696,0.614100,1.174012,-0.341970,0.193764
64,3.4060,0.869779,0.486289,-0.736333,0.998217,0.994497,0.711598,-0.415365,0.989322,0.813007,0.713091,0.142030,0.996848,1.040887,1.060979,-0.607178,0.476949,0.698219,0.958762,0.173208,0.537521,0.871508,1.176381,-0.876390,0.093643,0.591187,1.144321,-0.341404,0.195952
65,3.4552,0.869588,0.485971,-0.725877,0.998244,0.995032,0.711577,-0.413165,0.989473,0.813064,0.713134,0.132997,0.996870,1.039345,1.062212,-0.601776,0.473396,0.698270,0.959343,0.176785,0.548869,0.892838,1.240501,-0.851135,0.090153,0.595171,1.161588,-0.254413,0.195493
66,3.5041,0.869223,0.485202,-0.723968,0.998279,0.994845,0.711342,-0.411455,0.989269,0.813089,0.713201,0.132530,0.996917,1.038604,1.059285,-0.591168,0.476062,0.698300,0.959681,0.184272,0.559878,0.884419,1.213495,-0.847648,0.090622,0.595895,1.161240,-0.255441,0.200996
67,3.5547,0.868913,0.483967,-0.685691,0.998320,0.994825,0.709451,-0.411322,0.989121,0.813343,0.713268,0.148189,0.996976,1.028002,1.043150,-0.593977,0.474197,0.700786,0.961586,0.227741,0.565911,0.858700,1.158137,-0.866961,0.093123,0.599852,1.186088,-0.167363,0.207250
68,3.6038,0.868722,0.482433,-0.585491,0.998409,0.985972,0.708065,-0.400164,0.989498,0.813489,0.713366,0.194076,0.997085,1.011072,1.038669,-0.564401,0.468409,0.703943,0.961931,0.251319,0.549442,0.855793,1.175297,-0.736655,0.090497,0.603847,1.205598,-0.108930,0.198807
69,3.6530,0.868053,0.482270,-0.596863,0.998377,0.987766,0.710545,-0.392780,0.989544,0.812221,0.713434,0.132666,0.997135,1.046087,1.060283,-0.494213,0.457393,0.704546,0.963580,0.248360,0.551315,0.944085,1.326534,-0.730451,0.084426,0.612821,1.221394,-0.170472,0.193226
70,3.7053,0.866944,0.482814,-0.623264,0.998443,0.989044,0.712092,-0.430090,0.989675,0.812317,0.715586,0.149471,0.997130,1.042967,1.078515,-0.523186,0.457506,0.705613,0.973033,0.229775,0.550880,0.922477,1.291878,-0.706936,0.082623,0.612197,1.215850,-0.191122,0.192010
71,3.7561,0.866383,0.482810,-0.606165,0.998475,0.990524,0.709845,-0.426977,0.989399,0.812709,0.718781,0.165950,0.997128,1.018604,1.069089,-0.562993,0.451965,0.707399,0.976402,0.233526,0.536531,0.848571,1.175245,-0.720705,0.082112,0.616118,1.239160,-0.136433,0.185603
72,3.8057,0.865861,0.482408,-0.571137,0.998498,0.991440,0.708772,-0.434188,0.989310,0.812740,0.720648,0.212506,0.997065,1.003608,1.054249,-0.591936,0.445551,0.707686,0.977995,0.288468,0.516133,0.838066,1.177620,-0.730730,0.080996,0.618036,1.249363,-0.063358,0.176174
73,3.8573,0.865418,0.482208,-0.534813,0.998533,0.994710,0.708084,-0.432924,0.988539,0.812888,0.724238,0.238785,0.996968,0.990528,1.039476,-0.613581,0.435457,0.710835,0.980761,0.302925,0.494990,0.817050,1.123347,-0.735747,0.081160,0.620023,1.254750,-0.040843,0.169456
74,3.9059,0.865117,0.481570,-0.539788,0.998573,0.996722,0.703914,-0.437932,0.988765,0.813307,0.724772,0.252010,0.996976,0.993647,1.019732,-0.686220,0.434279,0.712819,0.980480,0.321856,0.479662,0.823621,1.139841,-0.919567,0.081994,0.624408,1.260657,-0.030277,0.163409
75,3.9534,0.864345,0.481562,-0.560713,0.998554,1.002258,0.698032,-0.435503,0.988980,0.813354,0.724716,0.231520,0.996971,1.014278,1.019639,-0.651332,0.432087,0.712079,0.978238,0.314697,0.474947,0.859208,1.186040,-0.890369,0.080158,0.625609,1.252892,-0.047494,0.159859
76,4.0001,0.863897,0.481616,-0.568588,0.998508,1.004947,0.696108,-0.412932,0.988943,0.812863,0.724775,0.211952,0.997013,1.015456,1.015657,-0.578973,0.424887,0.711373,0.978089,0.295577,0.472697,0.864662,1.186018,-0.775056,0.077610,0.629452,1.249193,-0.074671,0.157963
77,4.0500,0.863603,0.481526,-0.569918,0.998460,1.006860,0.691981,-0.390149,0.988887,0.812103,0.724226,0.173803,0.997066,1.021512,1.008755,-0.569447,0.419139,0.710809,0.976137,0.254164,0.477481,0.879515,1.178969,-0.812295,0.075889,0.629651,1.246874,-0.098342,0.159347
78,4.1001,0.863035,0.481390,-0.577193,0.998421,1.006664,0.689333,-0.386850,0.988608,0.811533,0.723426,0.185670,0.997023,1.015007,0.995527,-0.573217,0.414124,0.710748,0.974901,0.260336,0.470991,0.863890,1.144669,-0.839884,0.076787,0.627550,1.244975,-0.098074,0.159439
79,4.1502,0.862294,0.480580,-0.577685,0.998425,1.006538,0.686432,-0.389154,0.988583,0.811108,0.723346,0.183627,0.997063,1.015202,0.986783,-0.599808,0.411674,0.709828,0.974479,0.257427,0.472384,0.863468,1.126464,-0.888733,0.076954,0.624355,1.241081,-0.104890,0.161867
80,4.2003,0.861743,0.480258,-0.594196,0.998472,1.006615,0.685400,-0.390800,0.988979,0.809789,0.723272,0.182030,0.997156,1.020960,0.991015,-0.606091,0.413016,0.708369,0.974415,0.257365,0.478083,0.873951,1.132845,-0.917586,0.077726,0.622986,1.241334,-0.107481,0.163886
81,4.2494,0.861492,0.480450,-0.621739,0.998482,1.006548,0.684714,-0.372318,0.988997,0.808434,0.723148,0.141323,0.997193,1.039481,0.964113,-0.627990,0.423132,0.708371,0.974539,0.211142,0.490069,0.882622,1.040970,-1.000057,0.086922,0.623750,1.235972,-0.178206,0.178545
82,4.2987,0.861325,0.480667,-0.626684,0.998486,1.006506,0.684350,-0.365343,0.988954,0.806696,0.723112,0.142797,0.997191,1.038721,0.949675,-0.637684,0.432853,0.708283,0.974578,0.210119,0.493430,0.876373,0.992426,-0.986711,0.096502,0.624970,1.235178,-0.175267,0.185544
83,4.3488,0.861242,0.481751,-0.673354,0.998495,1.004102,0.684489,-0.348409,0.989012,0.804878,0.722984,0.124332,0.997164,1.043999,0.955029,-0.558980,0.429275,0.707690,0.974510,0.196143,0.494783,0.888480,1.075158,-0.937577,0.096186,0.626424,1.235035,-0.206725,0.188917
84,4.3988,0.860676,0.481820,-0.661486,0.998521,0.998082,0.685399,-0.376751,0.989371,0.804545,0.722960,0.158563,0.997174,1.030218,0.973778,-0.568238,0.432239,0.707389,0.974382,0.242439,0.490120,0.872607,1.136416,-0.869545,0.096851,0.626475,1.236388,-0.170721,0.184906
85,4.4506,0.860539,0.481818,-0.663160,0.998570,0.994445,0.689474,-0.391365,0.989761,0.804040,0.722103,0.165070,0.997224,1.021602,1.008582,-0.547448,0.433490,0.706452,0.973239,0.250511,0.485401,0.872571,1.217283,-0.777745,0.095656,0.624848,1.235789,-0.167384,0.181292
86,4.4997,0.860239,0.482224,-0.638209,0.998613,0.993221,0.693588,-0.414523,0.989679,0.804236,0.721597,0.202785,0.997237,1.006083,1.026310,-0.556960,0.434257,0.706435,0.973199,0.278294,0.474678,0.845910,1.195203,-0.735445,0.096348,0.619138,1.232192,-0.109093,0.177175
87,4.5469,0.872065,0.483141,-0.686975,0.998674,0.999220,0.691888,-0.327774,0.989673,0.804263,0.719382,0.091044,0.997326,1.041609,1.040393,-0.390074,0.423822,0.706420,0.969760,0.152761,0.495334,0.941748,1.297459,-0.648568,0.092039,0.619208,1.226910,-0.281173,0.191996
88,4.5978,0.890609,0.483478,-0.796103,0.998562,1.074186,0.700932,-0.272569,0.988060,0.805608,0.718149,-0.054623,0.997073,1.111030,1.036175,-0.289555,0.404975,0.706643,0.970640,-0.009539,0.519281,1.051697,1.297447,-0.610670,0.085277,0.623892,1.223558,-0.484160,0.206386
89,4.6470,0.912063,0.487237,-0.812727,0.998458,1.099828,0.702541,-0.238407,0.987045,0.813691,0.718169,-0.069999,0.996965,1.131032,1.015526,-0.283802,0.389612,0.707233,0.970873,-0.024331,0.543338,1.025897,1.244520,-0.639442,0.079946,0.631574,1.223893,-0.497830,0.222622
90,4.6962,0.943729,0.490165,-0.882430,0.998410,1.106623,0.705307,-0.164616,0.979093,0.818730,0.725929,-0.140489,0.996342,1.163249,0.920314,-0.207946,0.378989,0.707038,0.974998,-0.103688,0.562808,1.040964,0.890035,-0.512936,0.089332,0.633153,1.218503,-0.519005,0.249777
91,4.7505,0.965827,0.494695,-0.862260,0.998458,1.104481,0.709424,-0.160495,0.976581,0.833196,0.714395,-0.130652,0.996155,1.137009,0.942412,-0.179573,0.365639,0.713244,0.967917,-0.103764,0.579935,1.008746,0.982990,-0.501205,0.088016,0.636883,1.195812,-0.570471,0.265804
92,4.8005,0.976518,0.496343,-0.861792,0.998520,1.121169,0.721404,-0.211370,0.972819,0.848988,0.707472,-0.064243,0.995723,1.126448,0.976107,-0.270447,0.361022,0.722272,0.960910,-0.018323,0.589945,1.004595,1.022217,-0.669330,0.091882,0.646349,1.155706,-0.477042,0.272640
93,4.8490,1.013662,0.509688,-0.724838,0.985442,1.163163,0.727615,-0.432680,0.967046,0.908789,0.705918,-0.105695,0.994929,1.124852,1.004829,-0.561969,0.355815,0.770162,0.910084,-0.072739,0.604323,0.991386,1.049181,-0.867031,0.093821,0.642909,1.035566,-0.482453,0.286045
94,4.8968,0.989186,0.785632,-1.342848,0.984800,1.162571,0.769758,-0.995600,0.966141,0.904336,0.743516,-1.144567,0.995287,1.060441,0.972464,-0.610222,0.350423,0.695779,0.923053,-0.957955,0.625185,0.902355,0.928843,-0.284232,0.093762,0.643661,1.041267,-0.802987,0.311900
95,4.9470,0.978935,0.778129,-1.154513,0.985066,1.170943,0.765827,-0.911179,0.966587,0.923757,0.740087,-1.030626,0.995672,0.988531,0.954572,-0.534684,0.338721,0.709380,0.919653,-0.781510,0.647521,0.765502,0.958353,-0.191351,0.093593,0.642420,0.977679,-0.624448,0.356433
96,4.9972,0.962962,0.764098,-1.335058,0.984100,1.115124,0.901660,-0.949934,0.955279,0.923424,0.747955,-0.932748,0.995841,0.948529,1.054682,-0.543025,0.346733,0.755206,0.908395,-0.658325,0.669077,0.724734,0.976337,-0.264447,0.109662,0.642039,0.955389,-0.638873,0.408982
97,5.0461,0.961721,0.841084,-1.412541,0.984841,1.115054,0.888247,-1.062191,0.956427,0.912408,0.787592,-1.144252,0.995994,0.985377,1.043038,-0.593678,0.353393,0.719237,0.911240,-0.806377,0.668756,0.796126,0.986204,-0.139626,0.111887,0.635911,0.940482,-0.588465,0.411138
98,5.1078,0.960904,0.787523,-1.206881,0.984104,1.108835,0.918812,-0.833912,0.943977,0.902023,0.817688,-0.918406,0.995381,0.963931,1.048298,-0.502248,0.351146,0.691010,0.907041,-0.774142,0.680713,0.786706,0.968252,-0.135699,0.116124,0.624941,0.940632,-0.716665,0.436315
99,5.1655,0.959710,0.798157,-1.098600,0.984683,1.110584,0.883265,-0.870767,0.946034,0.924816,0.801906,-0.872984,0.995426,0.928174,0.992589,-0.535347,0.367993,0.723215,0.891852,-0.631565,0.685178,0.732573,0.965274,-0.175813,0.134494,0.647928,0.960940,-0.505310,0.459131
100,5.2134,0.945097,0.832136,-1.148243,0.985739,1.104685,0.889246,-0.975167,0.948450,0.922983,0.798563,-0.922420,0.995761,0.914172,0.994109,-0.583231,0.372774,0.728392,0.845663,-0.601925,0.689577,0.708432,0.971457,-0.112203,0.135825,0.649675,0.955124,-0.329021,0.466493
101,5.2660,0.941266,0.832015,-1.137423,0.986290,1.098675,0.879692,-0.947654,0.950182,0.935884,0.792106,-0.921890,0.996052,0.909018,0.995060,-0.565417,0.371799,0.737140,0.852722,-0.611559,0.690515,0.708208,0.976217,-0.123880,0.135534,0.650984,0.969186,-0.375437,0.475735
102,5.3139,0.940554,0.831619,-1.151585,0.987229,1.098784,0.895823,-0.946754,0.949502,0.926825,0.786430,-0.905798,0.996305,0.916134,1.008310,-0.553625,0.375947,0.735690,0.851785,-0.593005,0.696683,0.710876,0.979528,-0.066374,0.138189,0.652087,0.959316,-0.311104,0.488639
103,5.3661,0.938100,0.836986,-1.277584,0.988110,1.079602,0.919864,-1.020944,0.948915,0.922421,0.784412,-0.921227,0.996490,0.903566,1.032521,-0.581006,0.386699,0.731566,0.904817,-0.594747,0.699491,0.712819,0.981935,-0.099436,0.144261,0.651782,0.962546,-0.375075,0.493543
104,5.4139,0.944967,0.763307,-0.662048,0.987120,1.098918,0.813767,-0.482947,0.950022,0.936446,0.765209,-0.531416,0.996623,0.938875,0.986249,-0.303968,0.387062,0.772800,0.905071,-0.515846,0.711860,0.745505,0.957265,-0.100130,0.162099,0.661237,0.967503,-0.632104,0.524666
105,5.4680,0.945360,0.758126,-0.858579,0.986392,1.116807,0.823113,-0.674036,0.947468,0.936441,0.755074,-0.589521,0.996856,0.939404,0.987817,-0.368685,0.383610,0.772537,0.905055,-0.523729,0.727322,0.746576,0.960113,-0.184319,0.161072,0.661543,0.962266,-0.691516,0.555555
106,5.5185,0.950492,0.789630,-0.942323,0.986759,1.121430,0.826311,-0.697226,0.949582,0.942053,0.755393,-0.792578,0.997083,0.943052,0.967290,-0.339078,0.387522,0.777599,0.912552,-0.639380,0.739816,0.765977,0.959018,-0.007708,0.167718,0.685970,0.967004,-0.603662,0.584650
107,5.5684,0.957664,0.845960,-1.124035,0.987066,1.102039,0.881123,-0.804300,0.946354,0.938288,0.815914,-0.884108,0.996962,0.913481,0.973544,-0.396496,0.386939,0.774831,0.926024,-0.678977,0.741054,0.749733,0.962892,-0.045562,0.172630,0.684730,0.968317,-0.573992,0.596614
108,5.6188,0.957389,0.860510,-1.292621,0.987752,1.111983,0.877145,-0.900833,0.948665,0.926582,0.811589,-1.004661,0.997138,0.915871,0.956100,-0.401788,0.386538,0.767142,0.926392,-0.723439,0.740359,0.748554,0.959501,-0.013199,0.168986,0.687325,0.967056,-0.474798,0.584347
109,5.6708,0.957185,0.854088,-1.380728,0.987463,1.068559,0.939142,-1.013041,0.941503,0.911223,0.825451,-0.987560,0.996420,0.909697,1.023297,-0.570104,0.393332,0.752055,0.932987,-0.702848,0.730424,0.745515,0.961317,-0.144011,0.170081,0.685898,0.959747,-0.497993,0.567926
110,5.7185,0.941142,0.853982,-1.352226,0.987880,1.146950,0.882414,-1.051481,0.943577,0.936132,0.770741,-0.990840,0.996717,0.999948,0.979305,-0.630581,0.399807,0.796970,0.893623,-0.673006,0.741830,0.791024,0.949756,-0.177455,0.173003,0.700627,0.956600,-0.455659,0.587210
111,5.7742,0.941432,0.794045,-0.920345,0.987310,1.119415,0.795718,-0.700162,0.947313,0.945280,0.727127,-0.808934,0.996962,0.968741,0.905009,-0.396526,0.400993,0.824018,0.874226,-0.521558,0.745845,0.785406,0.937962,-0.167359,0.180641,0.722246,0.954328,-0.300566,0.601848
112,5.8177,0.949489,0.734007,-0.792914,0.985580,1.123907,0.707012,-0.679920,0.950515,0.953773,0.661636,-0.589888,0.997241,0.994776,0.897354,-0.416478,0.391382,0.858470,0.806683,-0.281091,0.758537,0.824018,0.942093,-0.289848,0.174906,0.736306,0.944104,-0.139927,0.626938
113,5.9546,0.389817,0.472788,-0.212302,0.987013,0.441654,0.545423,-0.024022,0.955456,0.339871,0.541296,-0.005668,0.997490,0.476438,0.620445,0.030680,0.451620,0.307165,0.622130,0.052544,0.781770,0.506452,0.699933,-0.070309,0.256770,0.267008,0.702410,-0.037560,0.662331
114,6.0086,0.391799,0.475049,-0.258028,0.988311,0.442457,0.546393,-0.047272,0.959908,0.340934,0.542954,-0.067044,0.997734,0.475010,0.629901,0.003818,0.506021,0.312314,0.630502,-0.041161,0.803187,0.519515,0.699934,-0.124916,0.330826,0.264051,0.703245,-0.164344,0.695328
115,6.0507,0.392641,0.477155,-0.283689,0.989478,0.443828,0.547267,-0.061321,0.963912,0.342958,0.545055,-0.086563,0.997952,0.474751,0.633838,-0.006788,0.554907,0.316455,0.635439,-0.059218,0.822337,0.525050,0.699838,-0.136776,0.397390,0.263912,0.704445,-0.181623,0.724774
116,6.1088,0.396001,0.477023,-0.308991,0.990529,0.445458,0.546969,-0.073132,0.967517,0.344791,0.545771,-0.100479,0.998148,0.474760,0.634551,-0.011689,0.599015,0.319481,0.636758,-0.065767,0.839415,0.526331,0.699893,-0.145782,0.457390,0.264929,0.706853,-0.187849,0.751125
117,6.1506,0.398114,0.476929,-0.309376,0.991475,0.446728,0.547079,-0.088088,0.970763,0.345087,0.547611,-0.111005,0.998325,0.474852,0.636186,-0.027251,0.638755,0.319894,0.640342,-0.079677,0.854834,0.525738,0.700783,-0.150881,0.511392,0.265524,0.711820,-0.198082,0.774816
118,6.2004,0.398784,0.477700,-0.326920,0.992327,0.447306,0.546651,-0.093883,0.973685,0.346477,0.547500,-0.115841,0.998488,0.474869,0.637348,-0.026751,0.674515,0.321745,0.641883,-0.078379,0.868533,0.525300,0.703928,-0.152581,0.559994,0.266971,0.715951,-0.198437,0.796058
119,6.2604,0.399273,0.478957,-0.309877,0.993092,0.447732,0.548584,-0.090031,0.976310,0.346574,0.547898,-0.111706,0.998632,0.474882,0.642025,-0.032998,0.706351,0.320921,0.643785,-0.080376,0.880843,0.524272,0.714640,-0.157815,0.603119,0.267246,0.721148,-0.200810,0.814832
120,6.3092,0.399616,0.478857,-0.326637,0.993782,0.447749,0.548652,-0.107637,0.978676,0.346433,0.548570,-0.131796,0.998764,0.475239,0.645608,-0.052244,0.735386,0.320760,0.646697,-0.103089,0.892132,0.524972,0.718357,-0.174041,0.642450,0.267244,0.723876,-0.220494,0.832130
121,6.3741,0.399815,0.478838,-0.312624,0.994403,0.446860,0.548614,-0.097441,0.980806,0.346247,0.549228,-0.120907,0.998883,0.474497,0.644976,-0.043698,0.761469,0.319986,0.647598,-0.091273,0.902361,0.524443,0.718414,-0.164924,0.677878,0.266752,0.724720,-0.206648,0.848081
122,6.4327,0.399702,0.478590,-0.305004,0.994963,0.445063,0.551822,-0.095200,0.982725,0.344147,0.549287,-0.116988,0.998992,0.473780,0.647251,-0.039850,0.785038,0.317888,0.648587,-0.085195,0.911546,0.524056,0.719818,-0.156068,0.709875,0.264286,0.724905,-0.198441,0.862495
123,6.5009,0.393918,0.474761,-0.305955,0.995465,0.439219,0.551318,-0.090751,0.984451,0.334556,0.545526,-0.109014,0.999087,0.468159,0.647007,-0.034366,0.806135,0.307441,0.647730,-0.067462,0.919429,0.522226,0.720765,-0.154915,0.738509,0.249447,0.726152,-0.170193,0.874927
124,6.5721,0.389798,0.470830,-0.311721,0.995917,0.436306,0.550040,-0.087934,0.986004,0.328870,0.545066,-0.110755,0.999173,0.466245,0.647771,-0.026168,0.825087,0.300695,0.648006,-0.064449,0.926516,0.520807,0.721950,-0.138042,0.764216,0.243226,0.727086,-0.158466,0.886133
125,6.6255,0.388745,0.465678,-0.309736,0.996322,0.434918,0.547731,-0.074600,0.987401,0.325542,0.544073,-0.103859,0.999245,0.464893,0.648042,-0.011233,0.841905,0.297175,0.649545,-0.043593,0.932426,0.518628,0.722388,-0.127188,0.787107,0.239167,0.728047,-0.138836,0.895621
126,6.6722,0.386977,0.463969,-0.365595,0.996688,0.433541,0.542844,-0.124812,0.988659,0.323066,0.542747,-0.135434,0.999313,0.461627,0.647813,-0.053599,0.857325,0.292242,0.649839,-0.073838,0.938071,0.517232,0.722890,-0.165808,0.807885,0.233974,0.730419,-0.180514,0.904246
127,6.7359,0.383194,0.455164,-0.337258,0.997018,0.432057,0.535009,-0.114292,0.989792,0.318631,0.539599,-0.129918,0.999367,0.458871,0.645414,-0.056023,0.871157,0.284599,0.650067,-0.090839,0.943542,0.516432,0.722851,-0.158656,0.826490,0.227008,0.734324,-0.180088,0.911936
128,6.7882,0.382514,0.448670,-0.341578,0.997316,0.431429,0.531643,-0.120769,0.990812,0.316789,0.537993,-0.144743,0.999416,0.458758,0.643435,-0.064349,0.883507,0.281994,0.651920,-0.111575,0.948484,0.516431,0.723115,-0.158316,0.842998,0.224502,0.737810,-0.192249,0.918335
129,6.8412,0.382510,0.448457,-0.337794,0.997583,0.431781,0.531191,-0.116604,0.991730,0.316404,0.536786,-0.139731,0.999462,0.459793,0.643393,-0.060204,0.894590,0.282347,0.651809,-0.104464,0.952956,0.516835,0.724437,-0.156402,0.857837,0.223355,0.739567,-0.186759,0.924429
130,6.8840,0.383138,0.449010,-0.334711,0.997824,0.432291,0.531673,-0.112056,0.992556,0.316270,0.536859,-0.132751,0.999504,0.460471,0.643379,-0.058255,0.904453,0.281597,0.652701,-0.099048,0.957064,0.518647,0.725668,-0.162399,0.871086,0.221736,0.740504,-0.183894,0.930148
131,6.9381,0.383609,0.446396,-0.321515,0.998041,0.432575,0.532139,-0.111263,0.993300,0.316132,0.536183,-0.130165,0.999541,0.461155,0.643355,-0.059332,0.913376,0.281950,0.652707,-0.097781,0.960825,0.520915,0.726897,-0.162471,0.882986,0.220244,0.741084,-0.182234,0.935392
132,6.9894,0.386641,0.433130,-0.445096,0.998236,0.444403,0.524381,-0.189798,0.993968,0.317186,0.525684,-0.197762,0.999572,0.477662,0.642483,-0.134738,0.921785,0.282793,0.648470,-0.151473,0.964218,0.533032,0.727409,-0.254952,0.894021,0.220424,0.740767,-0.253337,0.939496
133,7.0341,0.390027,0.424433,-0.462055,0.998411,0.450893,0.515603,-0.194835,0.994570,0.317423,0.519275,-0.205012,0.999602,0.484474,0.638130,-0.127848,0.929254,0.283783,0.641446,-0.151225,0.967253,0.538971,0.727191,-0.244730,0.903820,0.221447,0.734040,-0.252315,0.943051
134,7.0873,0.393343,0.415803,-0.490027,0.998568,0.456152,0.507802,-0.215741,0.995111,0.320861,0.509887,-0.211202,0.999629,0.488347,0.631112,-0.140492,0.936006,0.284525,0.633163,-0.150114,0.969813,0.544397,0.724157,-0.262812,0.912809,0.222124,0.726598,-0.261444,0.946414
135,7.1348,0.396721,0.407356,-0.508430,0.998710,0.461167,0.498394,-0.228816,0.995599,0.324869,0.500610,-0.223493,0.999656,0.492428,0.621036,-0.152657,0.942127,0.286025,0.624944,-0.161765,0.972097,0.549458,0.719428,-0.279796,0.921109,0.223303,0.717090,-0.279849,0.949603
136,7.2076,0.399693,0.397211,-0.518525,0.998838,0.465457,0.486828,-0.233377,0.996038,0.328049,0.491530,-0.225143,0.999680,0.496829,0.613087,-0.145882,0.947598,0.288112,0.617137,-0.155255,0.973953,0.555206,0.712402,-0.267047,0.928497,0.223669,0.708223,-0.276566,0.952401
137,7.2502,0.401401,0.359334,-0.487064,0.998952,0.470628,0.457077,-0.222008,0.996433,0.330453,0.457287,-0.203645,0.999701,0.504775,0.583542,-0.145749,0.952551,0.291989,0.588619,-0.147040,0.975159,0.565860,0.690639,-0.279932,0.935181,0.228004,0.688579,-0.258369,0.954570
138,7.2988,0.401982,0.348350,-0.479595,0.999056,0.471182,0.446175,-0.210837,0.996788,0.331961,0.447430,-0.199110,0.999720,0.505284,0.574986,-0.134075,0.957097,0.292873,0.583032,-0.140505,0.976513,0.569648,0.682760,-0.269271,0.941399,0.229553,0.681575,-0.262959,0.956984
139,7.3536,0.402938,0.346858,-0.475475,0.999149,0.471381,0.443726,-0.199781,0.997107,0.332357,0.440499,-0.200513,0.999740,0.503431,0.574223,-0.101481,0.961034,0.294249,0.578828,-0.141306,0.978005,0.568612,0.677727,-0.227002,0.946913,0.230485,0.677477,-0.270001,0.959822
140,7.4077,0.405077,0.342269,-0.468636,0.999231,0.471431,0.441739,-0.150759,0.997394,0.332608,0.434072,-0.179184,0.999756,0.501792,0.571393,-0.051316,0.964517,0.294740,0.572987,-0.113092,0.979292,0.568257,0.676035,-0.201146,0.951949,0.230527,0.675362,-0.259250,0.962463
141,7.4798,0.405557,0.342818,-0.477691,0.999307,0.472567,0.439387,-0.158169,0.997653,0.332479,0.433542,-0.186001,0.999774,0.501642,0.572026,-0.059252,0.967797,0.294847,0.571030,-0.115414,0.980506,0.568923,0.676151,-0.207365,0.956592,0.230419,0.675596,-0.258697,0.965033
142,7.5637,0.405226,0.335004,-0.449110,0.999374,0.471788,0.434987,-0.140636,0.997886,0.330623,0.429060,-0.161059,0.999789,0.502291,0.571471,-0.049780,0.970750,0.292386,0.567731,-0.096118,0.981303,0.569979,0.676983,-0.206804,0.960750,0.226452,0.674046,-0.245612,0.967001
143,7.6114,0.403420,0.333553,-0.426426,0.999435,0.471404,0.432166,-0.131166,0.998096,0.328566,0.427877,-0.146655,0.999802,0.503192,0.571251,-0.045688,0.973446,0.290115,0.568609,-0.085042,0.982046,0.570193,0.677737,-0.204317,0.964520,0.223986,0.674218,-0.228648,0.968810
144,7.6525,0.400962,0.333401,-0.403453,0.999490,0.470913,0.431027,-0.118729,0.998285,0.327175,0.426738,-0.132640,0.999816,0.502767,0.569773,-0.036665,0.975834,0.287366,0.566884,-0.075814,0.982839,0.569373,0.676984,-0.195441,0.967893,0.220735,0.674184,-0.215863,0.970534
145,7.7276,0.400005,0.332325,-0.436879,0.999539,0.470372,0.428984,-0.129989,0.998455,0.323659,0.427587,-0.135525,0.999826,0.502231,0.567041,-0.048948,0.978018,0.285005,0.568237,-0.083617,0.983496,0.568833,0.675726,-0.219176,0.970963,0.214045,0.671717,-0.235712,0.972061
146,7.7935,0.399241,0.333667,-0.433752,0.999584,0.470103,0.429529,-0.132320,0.998608,0.320902,0.428643,-0.142653,0.999835,0.501823,0.566888,-0.052659,0.979980,0.282749,0.569402,-0.086602,0.984076,0.568316,0.674282,-0.227176,0.973737,0.210937,0.670904,-0.236201,0.973468
147,7.8525,0.398479,0.334850,-0.430409,0.999623,0.469991,0.429860,-0.131843,0.998747,0.319534,0.428937,-0.141728,0.999842,0.501533,0.566578,-0.052741,0.981754,0.281694,0.568885,-0.082330,0.984549,0.568002,0.673550,-0.227197,0.976241,0.209676,0.669313,-0.232477,0.974668
148,7.9031,0.398138,0.334410,-0.419473,0.999659,0.469931,0.430608,-0.124673,0.998871,0.318861,0.428232,-0.135657,0.999847,0.501339,0.567013,-0.047941,0.983318,0.281119,0.568418,-0.077473,0.984859,0.567767,0.673357,-0.226571,0.978479,0.208712,0.669302,-0.225533,0.975574
149,7.9754,0.397894,0.331280,-0.441187,0.999691,0.469658,0.431354,-0.137014,0.998982,0.318790,0.424817,-0.148372,0.999854,0.501193,0.568074,-0.058221,0.984739,0.280539,0.567404,-0.086136,0.985271,0.567873,0.673877,-0.240262,0.980480,0.208471,0.669689,-0.239618,0.976436
150,8.0375,0.397487,0.330059,-0.447760,0.999720,0.469495,0.431497,-0.145112,0.999083,0.318944,0.422769,-0.156767,0.999861,0.501107,0.568469,-0.062738,0.986022,0.279958,0.565526,-0.093143,0.985643,0.567957,0.674247,-0.240333,0.982298,0.208279,0.669474,-0.243386,0.977243
151,8.0830,0.397166,0.329641,-0.447363,0.999747,0.469428,0.431791,-0.143265,0.999173,0.318986,0.422380,-0.156241,0.999868,0.501397,0.568729,-0.060134,0.987188,0.280005,0.565152,-0.092154,0.986032,0.568260,0.674447,-0.239430,0.983922,0.208161,0.669131,-0.240809,0.978005
152,8.1380,0.397014,0.329164,-0.446850,0.999771,0.469704,0.431926,-0.145958,0.999255,0.319104,0.422254,-0.157688,0.999875,0.501714,0.569030,-0.064774,0.988246,0.280054,0.564891,-0.094568,0.986459,0.568676,0.674678,-0.244820,0.985387,0.207898,0.669218,-0.245202,0.978767
153,8.1883,0.397631,0.329881,-0.423188,0.999792,0.471641,0.432276,-0.135107,0.999328,0.319908,0.422800,-0.137800,0.999881,0.504566,0.569248,-0.064728,0.989206,0.280148,0.564845,-0.079426,0.987180,0.570128,0.674557,-0.255651,0.986713,0.208155,0.666628,-0.240080,0.979978
154,8.2486,0.398324,0.330459,-0.372094,0.999811,0.472429,0.432616,-0.092295,0.999394,0.321013,0.423380,-0.095865,0.999884,0.505376,0.569239,-0.028326,0.990015,0.281174,0.565168,-0.038528,0.987748,0.570479,0.672838,-0.224242,0.987892,0.208397,0.665143,-0.198320,0.981151
155,8.3127,0.398896,0.330898,-0.375582,0.999828,0.472941,0.432849,-0.101699,0.999452,0.322379,0.423961,-0.106971,0.999887,0.505727,0.567429,-0.032700,0.990717,0.283483,0.565853,-0.048921,0.988254,0.569948,0.669749,-0.216770,0.988910,0.209366,0.662752,-0.202861,0.982143
156,8.3690,0.399284,0.330708,-0.316274,0.999842,0.473544,0.432982,-0.068806,0.999505,0.325655,0.424552,-0.054940,0.999884,0.505959,0.564868,-0.015708,0.991336,0.290599,0.566128,0.007525,0.988617,0.560029,0.668693,-0.207074,0.989806,0.221359,0.651642,-0.147415,0.983067
157,8.4246,0.400358,0.331871,-0.341253,0.999855,0.474804,0.433049,-0.056393,0.999551,0.327706,0.425608,-0.072372,0.999889,0.512349,0.560572,-0.042328,0.992106,0.290187,0.565036,-0.168726,0.989545,0.467288,0.635560,-0.267675,0.990675,0.319323,0.588434,-0.475893,0.984462
158,8.4696,0.400781,0.332821,-0.311905,0.999865,0.474729,0.433091,-0.029307,0.999591,0.330331,0.425906,-0.049661,0.999892,0.514693,0.557678,-0.065939,0.992838,0.289868,0.558434,-0.177389,0.990478,0.442758,0.606364,-0.305633,0.991491,0.343901,0.561611,-0.473630,0.985843
159,8.5156,0.401322,0.332961,-0.308295,0.999866,0.474648,0.431762,-0.035799,0.999621,0.332935,0.425804,-0.038333,0.999888,0.516391,0.556520,-0.083190,0.993447,0.286571,0.558528,-0.173803,0.991307,0.436877,0.592376,-0.307696,0.992107,0.357186,0.539712,-0.461598,0.987058
160,8.5738,0.402989,0.333062,-0.311572,0.999866,0.474696,0.430436,-0.039794,0.999648,0.335318,0.424042,-0.036719,0.999883,0.518067,0.555765,-0.095593,0.994026,0.286242,0.555512,-0.189512,0.992066,0.435600,0.580468,-0.307653,0.992686,0.368599,0.527881,-0.478684,0.988169
161,8.6489,0.403262,0.333130,-0.297561,0.999866,0.474821,0.428329,-0.032472,0.999674,0.336878,0.421209,-0.026351,0.999879,0.517975,0.552146,-0.101600,0.994563,0.285803,0.544574,-0.195606,0.992792,0.433111,0.573338,-0.306912,0.993283,0.368858,0.518097,-0.480173,0.989276
162,8.7199,0.403864,0.333892,-0.303869,0.999866,0.475123,0.426510,-0.033024,0.999699,0.338450,0.419307,-0.030360,0.999878,0.518565,0.550820,-0.109945,0.995067,0.281294,0.539539,-0.205267,0.993456,0.432884,0.560867,-0.325192,0.993867,0.369827,0.512944,-0.494824,0.990278
163,8.7933,0.405117,0.335131,-0.311753,0.999867,0.475342,0.424300,-0.021691,0.999725,0.338592,0.417267,-0.035948,0.999877,0.518169,0.549757,-0.101254,0.995531,0.278924,0.534260,-0.220395,0.994070,0.433883,0.561067,-0.337045,0.994429,0.369186,0.515290,-0.523951,0.991202
164,8.8490,0.406035,0.335155,-0.318289,0.999870,0.475664,0.424143,-0.024944,0.999748,0.338323,0.417238,-0.042478,0.999876,0.521996,0.547960,-0.099738,0.995946,0.274535,0.535152,-0.230416,0.994622,0.439489,0.560303,-0.329747,0.994923,0.366900,0.512466,-0.528239,0.992027
165,8.9135,0.406673,0.335280,-0.340064,0.999875,0.475877,0.423376,-0.032734,0.999769,0.337975,0.416733,-0.055075,0.999876,0.524112,0.545785,-0.112522,0.996307,0.271706,0.536834,-0.257392,0.995113,0.446413,0.559804,-0.357288,0.995351,0.360478,0.506933,-0.570213,0.992768
166,8.9721,0.406984,0.335657,-0.337508,0.999885,0.475892,0.423301,-0.021670,0.999790,0.337744,0.416992,-0.052602,0.999880,0.526215,0.546091,-0.110382,0.996652,0.270073,0.537721,-0.239017,0.995569,0.447440,0.559426,-0.353494,0.995781,0.352496,0.506244,-0.557748,0.993452
167,9.0268,0.407383,0.335918,-0.320445,0.999895,0.476132,0.423863,-0.005535,0.999809,0.336001,0.419431,-0.034083,0.999888,0.531165,0.546463,-0.070417,0.996956,0.269845,0.539979,-0.194451,0.995985,0.478528,0.560188,-0.349753,0.996163,0.328763,0.509550,-0.518359,0.994084
168,9.0731,0.407619,0.335113,-0.207294,0.999905,0.476757,0.424681,0.025868,0.999827,0.335903,0.421245,0.074239,0.999895,0.514039,0.552273,0.034912,0.997146,0.295873,0.554206,0.025816,0.996301,0.560834,0.566702,-0.202302,0.996503,0.241277,0.522125,-0.289742,0.994654
169,9.1235,0.407890,0.335036,-0.228536,0.999914,0.476827,0.424710,0.012931,0.999842,0.335866,0.421604,0.049482,0.999894,0.504118,0.554928,0.059772,0.997255,0.303486,0.558330,0.027070,0.996416,0.570926,0.576429,-0.140419,0.996793,0.226403,0.535125,-0.251146,0.995066
170,9.1674,0.408001,0.334988,-0.237363,0.999922,0.477019,0.425143,0.007564,0.999857,0.335966,0.421603,0.047086,0.999883,0.502907,0.558128,0.042320,0.997422,0.309269,0.558829,-0.017753,0.995493,0.577813,0.589783,-0.152940,0.997062,0.231500,0.554635,-0.341806,0.994791
171,9.2229,0.408167,0.334951,-0.250977,0.999929,0.477538,0.425461,-0.009803,0.999869,0.336123,0.421552,0.024017,0.999878,0.503077,0.560673,0.026228,0.997479,0.310754,0.560511,-0.011230,0.995266,0.579097,0.597301,-0.178241,0.997265,0.224296,0.562247,-0.290214,0.994812
172,9.2824,0.408290,0.334567,-0.257873,0.999935,0.478175,0.425530,-0.027629,0.999880,0.336613,0.421258,0.018157,0.999871,0.502377,0.561043,0.013530,0.997418,0.313291,0.560673,-0.000110,0.994825,0.578261,0.599048,-0.196599,0.997410,0.225138,0.565285,-0.251933,0.994642
173,9.3442,0.408550,0.334181,-0.261075,0.999941,0.478918,0.426410,-0.022475,0.999889,0.337201,0.421269,0.013813,0.999864,0.502234,0.561566,0.034952,0.997428,0.315511,0.562010,-0.012477,0.994579,0.581181,0.599658,-0.155128,0.997572,0.224863,0.563839,-0.287451,0.994685
174,9.4019,0.408816,0.332954,-0.294211,0.999943,0.479542,0.425284,-0.047461,0.999896,0.337311,0.421117,-0.004713,0.999859,0.502836,0.561412,0.019537,0.996983,0.312592,0.562571,-0.002726,0.994441,0.580525,0.599515,-0.185213,0.997608,0.215229,0.558420,-0.255835,0.994851
175,9.4655,0.409052,0.331771,-0.272587,0.999947,0.480246,0.425118,-0.040493,0.999904,0.337472,0.420999,0.004582,0.999859,0.503389,0.561313,0.040260,0.996740,0.311410,0.562839,0.013485,0.994586,0.580397,0.599104,-0.143228,0.997708,0.213675,0.554733,-0.233007,0.995157
176,9.5154,0.409876,0.330926,-0.247972,0.999952,0.481097,0.425128,-0.009055,0.999912,0.337581,0.420994,0.031936,0.999866,0.503952,0.561338,0.062500,0.996751,0.310296,0.562927,0.031666,0.994937,0.578669,0.598723,-0.118534,0.997850,0.214731,0.554607,-0.228576,0.995563
177,9.5665,0.411617,0.329462,-0.184358,0.999956,0.482537,0.426047,0.049599,0.999920,0.338377,0.420990,0.090137,0.999876,0.510089,0.561155,0.087800,0.996989,0.310504,0.562792,0.060595,0.995357,0.575775,0.598081,-0.108159,0.998035,0.219447,0.555113,-0.223075,0.995981
178,9.6156,0.417173,0.325769,-0.188233,0.999961,0.484029,0.425577,0.071638,0.999927,0.340160,0.415449,0.115108,0.999888,0.525728,0.545916,-0.039429,0.997007,0.309594,0.537743,0.199023,0.995557,0.543470,0.535349,-0.371253,0.997783,0.283562,0.607035,0.114350,0.995732
179,9.6669,0.420097,0.322394,-0.182967,0.999964,0.485888,0.424694,0.063314,0.999934,0.341823,0.413079,0.081229,0.999898,0.527546,0.547175,-0.047188,0.997281,0.309698,0.539076,0.091733,0.995940,0.544645,0.529278,-0.374063,0.997992,0.308028,0.646112,-0.122513,0.996077
180,9.7147,0.422252,0.322688,-0.202702,0.999968,0.487810,0.425116,0.047775,0.999940,0.343225,0.413343,0.023845,0.999908,0.528639,0.552235,-0.036103,0.997540,0.316646,0.539550,-0.002657,0.996284,0.561661,0.500961,-0.314513,0.998189,0.317133,0.666701,-0.188469,0.996411
181,9.7649,0.421346,0.322744,-0.248476,0.999971,0.492033,0.425400,0.046451,0.999946,0.344907,0.413520,0.002084,0.999916,0.530139,0.553003,-0.050811,0.997765,0.321568,0.546953,-0.002039,0.996542,0.580451,0.470258,-0.322838,0.998362,0.316485,0.682953,-0.178086,0.996643
182,9.8178,0.421023,0.322416,-0.265965,0.999974,0.494515,0.425398,0.024965,0.999951,0.345922,0.413434,-0.008489,0.999924,0.529021,0.557062,-0.056457,0.997940,0.321359,0.558242,0.013025,0.996690,0.578222,0.457691,-0.307942,0.998512,0.310907,0.698476,-0.097105,0.996733
183,9.8706,0.420685,0.321939,-0.205516,0.999976,0.494487,0.425064,0.042459,0.999956,0.346020,0.411847,0.046332,0.999930,0.528162,0.557415,-0.050091,0.998131,0.321711,0.558176,0.086145,0.996821,0.577001,0.448509,-0.296210,0.998656,0.304536,0.689425,-0.034485,0.996861
184,9.9150,0.413080,0.315484,-0.318581,0.999978,0.494302,0.423891,-0.043375,0.999960,0.337926,0.411562,0.003519,0.999935,0.542801,0.558327,-0.227421,0.998312,0.304630,0.558856,0.092566,0.997021,0.516896,0.462908,-0.581607,0.998786,0.261804,0.689600,-0.021271,0.997064
185,9.9669,0.405701,0.312651,-0.325759,0.999979,0.489288,0.420939,-0.053641,0.999964,0.329032,0.410922,0.001200,0.999940,0.539594,0.560654,-0.201454,0.998471,0.292693,0.558853,0.131627,0.997214,0.525033,0.446700,-0.519481,0.998903,0.241740,0.690622,0.073946,0.997272
186,10.0161,0.401257,0.306238,-0.300134,0.999981,0.479368,0.420767,-0.030791,0.999967,0.321543,0.410798,0.001584,0.999945,0.524946,0.563479,-0.137763,0.998607,0.282338,0.560283,0.132504,0.997416,0.533510,0.445328,-0.372205,0.999007,0.227692,0.691807,0.111812,0.997483
187,10.0668,0.394252,0.303117,-0.278967,0.999983,0.475660,0.420662,0.004923,0.999970,0.315448,0.410596,0.021679,0.999950,0.515528,0.569513,-0.054405,0.998732,0.275328,0.560701,0.184232,0.997625,0.537241,0.441629,-0.248024,0.999102,0.215990,0.694557,0.200042,0.997701
188,10.1155,0.386487,0.299024,-0.269141,0.999985,0.469791,0.420105,0.007409,0.999973,0.307917,0.410236,0.026291,0.999955,0.507960,0.571495,-0.055318,0.998849,0.267894,0.561064,0.182468,0.997824,0.536078,0.445350,-0.260090,0.999189,0.209477,0.694138,0.194678,0.997907
189,10.1678,0.379114,0.294790,-0.285343,0.999986,0.464737,0.414837,-0.010151,0.999976,0.299747,0.405965,0.025647,0.999959,0.505856,0.571902,-0.091126,0.998952,0.261243,0.557996,0.188318,0.997983,0.523164,0.438087,-0.295451,0.999263,0.201695,0.690769,0.194009,0.998078
190,10.2154,0.368330,0.278264,-0.287308,0.999987,0.444054,0.402871,0.024237,0.999978,0.272568,0.393692,0.008115,0.999962,0.504431,0.566317,-0.043188,0.999049,0.227467,0.557283,0.176837,0.998125,0.490775,0.430648,-0.252024,0.999332,0.172761,0.706992,0.202825,0.998213
191,10.2657,0.358122,0.270968,-0.266498,0.999988,0.442829,0.393806,0.033233,0.999980,0.265660,0.389019,0.010764,0.999966,0.493829,0.565805,-0.059533,0.999112,0.218062,0.557205,0.158133,0.998250,0.492771,0.430244,-0.314430,0.999381,0.163922,0.709382,0.123754,0.998323
192,10.3157,0.350020,0.266239,-0.234473,0.999989,0.441730,0.389530,0.047885,0.999981,0.258410,0.385152,0.037127,0.999968,0.487544,0.566978,-0.076093,0.999157,0.206165,0.558449,0.150414,0.998354,0.494594,0.425013,-0.362482,0.999421,0.156341,0.721577,0.103489,0.998409
193,10.3667,0.344192,0.256054,-0.317786,0.999989,0.438537,0.386925,0.001884,0.999981,0.250887,0.381136,-0.021382,0.999970,0.490134,0.564895,-0.147797,0.999173,0.199919,0.558454,0.052444,0.998417,0.489650,0.421164,-0.473780,0.999433,0.160278,0.722866,-0.048867,0.998442
194,10.4160,0.342698,0.252520,-0.328948,0.999987,0.434265,0.385254,0.000110,0.999981,0.245126,0.376984,-0.045072,0.999971,0.492397,0.559118,-0.143867,0.999225,0.200355,0.558207,0.017611,0.998466,0.477049,0.424737,-0.465363,0.999463,0.166660,0.725837,-0.092813,0.998455
195,10.4647,0.339140,0.245483,-0.371121,0.999987,0.434729,0.372256,-0.038459,0.999982,0.239608,0.372427,-0.044566,0.999972,0.494031,0.558462,-0.195030,0.999291,0.198677,0.553613,0.050515,0.998501,0.467019,0.428198,-0.566239,0.999504,0.172219,0.727412,-0.058149,0.998437
196,10.5159,0.330370,0.232445,-0.349744,0.999988,0.425748,0.369336,-0.024245,0.999984,0.225369,0.367492,-0.030530,0.999974,0.470557,0.558613,-0.174515,0.999356,0.188253,0.554288,0.036939,0.998633,0.480023,0.455395,-0.467569,0.999552,0.176276,0.747391,-0.083911,0.998576
197,10.5642,0.327511,0.223075,-0.361607,0.999988,0.421043,0.364501,-0.027586,0.999984,0.219509,0.366592,-0.099945,0.999975,0.460388,0.558232,-0.086043,0.999391,0.185829,0.557414,-0.070965,0.998744,0.520172,0.471732,-0.370468,0.999589,0.179440,0.754847,-0.210046,0.998696
198,10.6158,0.323586,0.215907,-0.339348,0.999988,0.420056,0.361063,-0.020213,0.999984,0.213882,0.362442,-0.099523,0.999976,0.452146,0.557313,-0.017779,0.999374,0.186134,0.557611,-0.144469,0.998812,0.538517,0.515426,-0.317565,0.999605,0.182000,0.758616,-0.377896,0.998743
199,10.6657,0.323526,0.209080,-0.449364,0.999987,0.420221,0.358673,-0.095251,0.999983,0.208138,0.362915,-0.192107,0.999976,0.454143,0.556909,-0.048302,0.999288,0.185954,0.568644,-0.229534,0.998846,0.545625,0.569445,-0.334468,0.999549,0.182536,0.765828,-0.481035,0.998686
200,10.7159,0.323978,0.202387,-0.415932,0.999985,0.421040,0.354079,-0.072238,0.999980,0.203645,0.363233,-0.159221,0.999974,0.455350,0.556493,0.008928,0.998951,0.181587,0.576717,-0.189595,0.998761,0.540749,0.624525,-0.220557,0.999091,0.183688,0.776104,-0.447591,0.998187
201,10.7653,0.321676,0.193950,-0.399260,0.999979,0.416081,0.343399,-0.059722,0.999977,0.199261,0.360926,-0.141048,0.999970,0.450898,0.545430,0.077202,0.998787,0.176852,0.582242,-0.147137,0.998743,0.509365,0.672040,-0.042081,0.998851,0.182667,0.785041,-0.327969,0.997998
202,10.8161,0.298888,0.172625,-0.665716,0.999964,0.409522,0.328103,-0.254263,0.999966,0.180283,0.348228,-0.276262,0.999956,0.448628,0.544793,-0.118947,0.997677,0.152214,0.580210,-0.218063,0.997088,0.444015,0.734147,-0.171139,0.995306,0.131319,0.782084,-0.402979,0.990209
203,10.8647,0.289939,0.161832,-0.722043,0.999948,0.400131,0.315277,-0.296832,0.999960,0.165472,0.343241,-0.285512,0.999933,0.446238,0.542607,-0.185912,0.997267,0.139810,0.580022,-0.206386,0.995447,0.432104,0.749217,-0.362076,0.994359,0.107803,0.793757,-0.405813,0.986441
204,10.9164,0.277299,0.154641,-0.654837,0.999937,0.395594,0.307175,-0.278642,0.999958,0.155034,0.333315,-0.298814,0.999918,0.442336,0.543343,-0.150566,0.996990,0.124380,0.581060,-0.221092,0.994974,0.432962,0.766259,-0.302676,0.993965,0.086646,0.804793,-0.376159,0.985270
205,10.9677,0.267675,0.148607,-0.598406,0.999915,0.389463,0.301903,-0.265169,0.999954,0.142474,0.328756,-0.292143,0.999915,0.439590,0.542887,-0.132674,0.996854,0.105629,0.582228,-0.223456,0.994888,0.438732,0.768868,-0.233006,0.993200,0.067151,0.817177,-0.361666,0.984609
206,11.0127,0.248017,0.138497,-0.675635,0.999858,0.380189,0.303407,-0.288400,0.999941,0.130919,0.324674,-0.325859,0.999894,0.434570,0.543133,-0.139473,0.996590,0.094710,0.581364,-0.230071,0.994285,0.440932,0.775015,-0.247773,0.991935,0.043670,0.814081,-0.362775,0.982584
207,11.0700,0.228639,0.139241,-0.605096,0.999833,0.373999,0.304970,-0.291682,0.999912,0.116155,0.320948,-0.298969,0.999872,0.429214,0.543909,-0.141529,0.995450,0.081674,0.580840,-0.232003,0.992731,0.442995,0.772061,-0.197588,0.987899,0.016810,0.813030,-0.357359,0.976978
208,11.1115,0.151123,0.122137,-0.828999,0.999560,0.314817,0.301801,-0.381822,0.999890,0.038273,0.321594,-0.367765,0.997875,0.393162,0.544100,-0.205054,0.994570,0.037994,0.590194,-0.248820,0.955063,0.421607,0.790125,-0.208945,0.981217,0.047057,0.805847,-0.398323,0.899517
209,11.1638,0.114369,0.116671,-0.767841,0.999084,0.286756,0.294581,-0.435904,0.999865,0.031426,0.323641,-0.330175,0.997230,0.381542,0.550499,-0.247739,0.993809,0.042317,0.609519,0.021308,0.917781,0.407269,0.841370,-0.208919,0.970168,0.042813,0.819959,0.058245,0.841402
210,11.2107,0.078568,0.109287,-0.830221,0.998654,0.259174,0.288305,-0.454403,0.999843,-0.010010,0.339903,-0.291360,0.993944,0.354016,0.549401,-0.249758,0.993004,0.015345,0.640936,-0.034462,0.868254,0.396337,0.815439,-0.202342,0.961041,0.045647,0.857092,-0.092959,0.774566
211,11.2439,0.047637,0.107940,-0.919398,0.996681,0.228590,0.269226,-0.527536,0.999816,-0.038323,0.339166,-0.278043,0.978948,0.328762,0.544245,-0.361255,0.992647,0.004247,0.632010,-0.046989,0.792279,0.387734,0.822027,-0.321618,0.954635,0.054632,0.842084,-0.167850,0.701252
212,11.3857,0.486374,0.033260,-0.693216,0.989704,0.833971,0.181730,-0.710257,0.999514,0.490447,0.218233,-0.149695,0.980825,1.032028,0.513521,-0.619493,0.990799,0.444999,0.529455,0.213148,0.797151,1.220486,0.737049,-0.546680,0.921009,0.397065,0.769715,0.265240,0.671554
213,11.4412,0.462892,0.055265,-0.997408,0.990422,0.800875,0.198033,-0.885465,0.999542,0.441072,0.226474,-0.189708,0.982688,1.013089,0.581645,-0.773153,0.990671,0.394048,0.528966,0.474331,0.788170,1.143777,0.907023,-0.674022,0.877352,0.368301,0.769337,0.829904,0.613498
214,11.4914,0.430299,0.053799,-0.967202,0.990784,0.792121,0.207032,-1.016833,0.999580,0.408966,0.226337,-0.241886,0.984369,1.014120,0.610571,-0.982611,0.990833,0.355731,0.526313,0.407381,0.786735,1.151180,0.953452,-0.901971,0.849892,0.352390,0.770195,0.706282,0.563248
215,11.5422,0.410964,0.053714,-0.905190,0.990563,0.786909,0.212760,-1.009044,0.999611,0.396780,0.223460,-0.226433,0.985896,1.005641,0.618015,-0.955259,0.990990,0.322061,0.511404,0.463803,0.795409,1.111233,0.956915,-0.860455,0.817533,0.324962,0.769431,0.710889,0.526051
216,11.5952,0.398734,0.051533,-0.912961,0.990899,0.776704,0.214924,-1.016343,0.999640,0.396085,0.226195,-0.225500,0.987216,1.000937,0.638563,-0.957389,0.991069,0.350398,0.551201,0.509048,0.772114,1.076984,1.015147,-0.839661,0.794872,0.334240,0.802840,0.816105,0.482500
217,11.6406,0.381608,0.046663,-0.883922,0.991268,0.770353,0.214972,-1.029392,0.999668,0.387185,0.222044,-0.187577,0.988449,0.989033,0.632552,-0.981862,0.991280,0.335722,0.548173,0.527179,0.773391,1.081097,1.007465,-0.902966,0.773441,0.327295,0.819028,0.785406,0.447549
218,11.6892,0.366060,0.028524,-0.945903,0.990244,0.768841,0.213814,-1.100607,0.999651,0.368975,0.240333,-0.261352,0.989339,0.978351,0.681631,-0.997861,0.988140,0.345854,0.672951,0.507413,0.738073,1.088450,1.041504,-0.831245,0.717359,0.353710,0.929964,0.683567,0.405973
219,11.7412,0.334632,-0.023651,-1.111540,0.989919,0.760288,0.206923,-1.227457,0.999648,0.353841,0.239956,-0.329572,0.990158,0.973529,0.672941,-1.132791,0.986603,0.353804,0.642083,0.374365,0.707904,1.093900,1.041557,-0.981178,0.683218,0.369859,0.984257,0.620404,0.369192
220,11.7901,0.327320,-0.069650,-1.137598,0.990212,0.762654,0.191636,-1.214108,0.999618,0.328018,0.225291,-0.371568,0.990895,0.976960,0.674430,-1.068067,0.982494,0.326182,0.676868,0.283433,0.666375,1.097281,1.067953,-0.908290,0.631556,0.344010,1.041277,0.542004,0.333762
221,11.8394,0.314876,-0.055443,-1.049094,0.988868,0.758965,0.168619,-1.141739,0.999572,0.317742,0.215883,-0.344860,0.991534,0.971820,0.665125,-1.001016,0.979676,0.335989,0.648180,0.261523,0.627230,1.101712,1.055867,-0.829669,0.582733,0.397206,0.971191,0.458632,0.302503
222,11.8894,0.333056,-0.078300,-1.394443,0.988389,0.761843,0.153322,-1.376863,0.999549,0.302850,0.194431,-0.539053,0.992012,0.974439,0.658380,-1.204996,0.978774,0.331493,0.638172,0.021904,0.595823,1.104831,1.067126,-0.965512,0.548263,0.375648,0.998364,0.101919,0.273885
223,11.9457,0.338779,-0.131715,-1.366983,0.989404,0.773477,0.140837,-1.263072,0.999569,0.299140,0.185012,-0.548303,0.992768,0.976356,0.655160,-1.086613,0.977827,0.337574,0.637073,0.061877,0.584021,1.107023,1.050605,-0.897483,0.517696,0.338380,0.998901,0.173761,0.253710
224,11.9966,0.369210,-0.113548,-1.496238,0.989991,0.784931,0.132433,-1.342010,0.999580,0.291335,0.161033,-0.602485,0.993464,0.977660,0.644032,-1.097148,0.977968,0.334487,0.629713,0.112667,0.595518,1.103521,1.041208,-0.898157,0.501664,0.312814,0.987988,0.292499,0.245407
225,12.0614,0.359378,-0.123733,-1.298553,0.990183,0.785272,0.116683,-1.267397,0.999582,0.290381,0.155162,-0.491891,0.994086,0.978285,0.628840,-1.063014,0.978168,0.336608,0.625964,0.292793,0.611144,1.105292,1.033252,-0.878836,0.483030,0.300210,0.990433,0.563481,0.241515
226,12.1068,0.361326,-0.190284,-1.280643,0.990367,0.794057,0.105533,-1.210432,0.999497,0.274474,0.144811,-0.502539,0.994623,0.978903,0.626077,-0.888382,0.976231,0.329079,0.627104,0.125200,0.623920,1.106697,1.029453,-0.651531,0.446036,0.279924,1.031139,0.143488,0.231063
227,12.1564,0.362325,-0.183094,-1.445790,0.990554,0.795377,0.104040,-1.305259,0.999495,0.275076,0.147736,-0.575026,0.995125,0.979198,0.626690,-0.999110,0.975791,0.324956,0.632090,0.102547,0.629748,1.119200,1.025897,-0.756830,0.425436,0.260940,1.063761,0.136216,0.222042
228,12.2063,0.349151,-0.231566,-1.371040,0.989235,0.786317,0.056247,-1.257892,0.999401,0.222901,0.116560,-0.546512,0.995548,0.977265,0.599309,-0.973574,0.975206,0.277410,0.609468,0.014737,0.643188,1.114000,1.007502,-0.721811,0.394862,0.223326,1.043936,-0.047510,0.215642
229,12.2568,0.336450,-0.228536,-1.600462,0.988778,0.784486,0.047085,-1.453341,0.999341,0.205083,0.086562,-0.690879,0.995965,0.975128,0.600232,-1.097925,0.974630,0.254229,0.586113,0.028458,0.662057,1.115626,1.027710,-0.824387,0.377042,0.205984,1.038676,0.134136,0.218277
230,12.3080,0.324754,-0.362736,-1.668208,0.989212,0.781306,0.024576,-1.485490,0.999268,0.200028,0.059589,-0.715147,0.996308,0.969614,0.601420,-1.206741,0.972727,0.248271,0.567690,-0.002431,0.662398,1.141446,1.057969,-0.986868,0.355370,0.179554,1.053721,0.079610,0.209088
231,12.3562,0.311409,-0.370986,-1.630435,0.987029,0.776834,0.002134,-1.556101,0.999238,0.165316,0.051997,-0.676265,0.996609,0.965811,0.598554,-1.285757,0.972251,0.220607,0.540957,0.120762,0.664754,1.142026,1.064321,-1.083002,0.346123,0.155479,1.044653,0.331767,0.203986
232,12.4066,0.317690,-0.307391,-1.781579,0.971275,0.775781,-0.009847,-1.656733,0.998946,0.158833,0.027812,-0.816264,0.996821,0.950263,0.580645,-1.247900,0.970890,0.194337,0.510337,0.074602,0.663602,1.102370,1.058202,-1.016727,0.331577,0.127795,1.011551,0.354672,0.199258
233,12.4570,0.339485,-0.332361,-1.872727,0.948085,0.773625,-0.007210,-1.581650,0.998548,0.150120,-0.028365,-0.890174,0.996732,0.933440,0.562038,-1.317584,0.968690,0.171674,0.512078,-0.142559,0.643678,1.087992,1.055227,-1.275597,0.321918,0.045765,1.008345,-0.076851,0.189827
234,12.5076,0.339972,-0.373937,-1.655638,0.942414,0.753900,0.020366,-1.190087,0.998408,0.159384,-0.021545,-0.853822,0.996877,0.913248,0.599838,-1.062752,0.964631,0.123930,0.553670,-0.295624,0.659857,1.107459,1.063800,-1.198529,0.312145,0.021218,1.095511,-0.639094,0.194343
235,12.5607,0.333430,-0.375178,-1.835630,0.946839,0.747603,0.035946,-1.253503,0.998480,0.153748,0.017475,-0.722869,0.997024,0.917474,0.621049,-1.137796,0.964061,0.097667,0.598769,-0.133613,0.668909,1.123092,1.113724,-1.524600,0.310344,-0.076247,1.172496,-0.331943,0.198028
236,12.6199,0.334323,-0.348344,-1.719683,0.949694,0.744008,0.045848,-1.150531,0.998388,0.156800,0.100501,-0.541976,0.997020,0.928856,0.658907,-1.026832,0.954078,0.073418,0.667085,-0.070758,0.650703,1.131094,1.149488,-1.279741,0.292703,-0.082843,1.175578,-0.473947,0.189001
237,12.6688,0.403504,-0.254131,-1.933195,0.938890,0.745632,0.061919,-1.200222,0.997922,0.143407,0.133550,-0.656445,0.996343,0.934328,0.696756,-1.002985,0.935701,0.049829,0.691972,-0.152396,0.612660,1.126866,1.149872,-1.277654,0.274780,-0.081355,1.144943,-0.666335,0.174903
238,12.7222,0.448529,-0.287532,-1.834726,0.926839,0.747032,0.064520,-0.973440,0.996548,0.151404,0.132576,-0.559344,0.995196,0.935351,0.707893,-0.794188,0.916890,0.049774,0.700312,-0.165491,0.589030,1.121312,1.149845,-1.220037,0.265755,-0.070783,1.097524,-0.760063,0.170168
239,12.7715,0.452650,-0.204049,-2.234040,0.931856,0.751945,0.103801,-1.220254,0.996543,0.153927,0.159742,-0.724586,0.994285,0.942532,0.746285,-1.072878,0.905691,0.045771,0.717813,-0.284336,0.561240,1.064597,1.171902,-1.668568,0.272721,-0.056990,1.094458,-0.838745,0.171262
240,12.8222,0.438486,0.305441,-2.907629,0.936476,0.816238,0.257704,-1.913837,0.996508,0.091375,0.236584,-1.849455,0.994359,0.970302,0.822338,-1.147622,0.892124,-0.035940,0.869039,-0.805498,0.548356,1.084007,1.299997,-0.966047,0.280340,-0.150386,1.206352,-0.388266,0.175610
241,12.8697,0.464815,0.433550,-2.956486,0.942075,0.826892,0.334638,-1.849986,0.996184,0.074787,0.357352,-1.996191,0.994076,0.971068,0.832971,-1.135128,0.853676,-0.109775,0.985197,-1.583477,0.546213,1.092316,1.343679,-0.873385,0.280690,-0.246082,1.325680,-1.600558,0.187932
242,12.9354,0.479361,0.280176,-2.815557,0.947428,0.830509,0.375001,-1.639241,0.995674,0.088850,0.368118,-1.745892,0.994058,0.967923,0.855853,-1.027374,0.824108,-0.121347,0.986228,-1.484471,0.569403,1.100619,1.361467,-0.939376,0.294401,-0.311800,1.342263,-1.771886,0.229551
243,12.9864,0.498535,0.196291,-2.491969,0.951829,0.826078,0.384947,-1.445610,0.994457,0.099108,0.334703,-1.391367,0.993300,0.962793,0.869502,-0.957206,0.803131,-0.081447,0.979312,-1.012643,0.577922,1.096868,1.413944,-0.977708,0.296608,-0.246824,1.285321,-1.284527,0.257384
244,13.0326,0.510559,0.227436,-2.509595,0.956548,0.823881,0.416600,-1.384359,0.994406,0.104043,0.399098,-1.333259,0.993270,0.961167,0.894325,-1.153242,0.792389,-0.068420,0.932335,-1.116156,0.591415,1.081670,1.435405,-1.604578,0.309541,-0.238117,1.224290,-1.502183,0.288868
245,13.0799,0.497432,0.242360,-2.395267,0.960840,0.821393,0.583755,-1.074672,0.992861,0.109673,0.615669,-1.173541,0.993768,0.895037,0.931199,-0.597392,0.730250,-0.064672,1.172599,-0.784766,0.581155,0.889519,1.461259,-0.859273,0.284433,-0.106915,1.631592,-1.195684,0.270796
246,13.1485,0.486231,0.296846,-2.672587,0.964694,0.824754,0.709385,-1.339469,0.990617,0.111674,0.681762,-1.222935,0.993931,0.886721,0.996022,-0.988325,0.672025,-0.049482,1.074021,-0.561471,0.547368,0.913326,1.600475,-1.342673,0.258379,-0.083171,1.663874,-0.820998,0.247919
247,13.1957,0.483990,0.359210,-2.641296,0.968097,0.824349,0.747799,-1.422885,0.989064,0.114691,0.700023,-1.186007,0.994049,0.895300,1.262372,-1.244588,0.629807,-0.042706,1.226643,-0.472367,0.517297,0.853088,1.635651,-1.675236,0.235502,-0.034946,1.611356,-0.720131,0.228471
248,13.2401,0.464814,0.414602,-2.726844,0.971184,0.823549,0.778240,-1.582322,0.988203,0.125943,0.706513,-1.214067,0.994343,0.896445,1.349786,-1.480832,0.598876,-0.036648,1.240011,-0.542354,0.495379,0.851767,1.666728,-1.905293,0.215446,-0.044225,1.677038,-0.780018,0.210875
249,13.2980,0.450639,0.429383,-2.797947,0.973987,0.822959,0.794637,-1.641889,0.987877,0.126625,0.727286,-1.277518,0.994594,0.925508,1.326308,-1.514878,0.581532,-0.020409,1.267170,-0.736277,0.484266,0.893274,1.739712,-1.931937,0.198542,-0.028977,1.703802,-1.158319,0.197197
250,13.3682,0.433812,0.397737,-2.288721,0.976271,0.724710,0.720931,-0.989790,0.986712,0.128698,0.758283,-0.878032,0.991026,0.886376,1.072948,-1.263414,0.568460,0.037678,1.226515,-0.892786,0.461167,0.897694,1.288070,-1.940038,0.189442,0.071585,1.392223,-1.814166,0.185639
251,13.4473,0.416483,0.391143,-1.919769,0.978476,0.692495,0.700854,-0.842474,0.986977,0.147888,0.714529,-0.543674,0.990222,0.858801,1.013492,-1.229301,0.570448,-0.022001,1.079200,-1.095236,0.472051,0.864382,1.263016,-1.907530,0.199316,0.032293,0.907853,-2.483026,0.227507
252,13.5015,0.415359,0.386564,-1.959356,0.980425,0.675333,0.697290,-0.935625,0.987223,0.165282,0.696945,-0.581539,0.989489,0.837054,0.989584,-1.015425,0.576562,-0.019211,1.053724,-0.966652,0.478336,0.858262,1.281298,-1.464482,0.195877,0.024295,0.906272,-2.172509,0.250138
253,13.5668,0.387408,0.405064,-1.825240,0.982005,0.653271,0.713176,-0.866679,0.986998,0.191201,0.695871,-0.602126,0.989270,0.785689,0.991129,-0.841434,0.577718,0.000038,0.931856,-0.500861,0.472756,0.843187,1.402221,-1.279298,0.189796,-0.028460,1.120439,-1.079474,0.235513
254,13.6256,0.377156,0.410990,-1.705459,0.983521,0.634257,0.706208,-0.761108,0.987361,0.196672,0.679142,-0.472954,0.987922,0.766208,0.976209,-0.758914,0.584669,0.004098,0.900919,-0.459561,0.457420,0.855107,1.408385,-1.247170,0.188127,-0.087269,1.116565,-1.219419,0.225113
255,13.6792,0.371659,0.410983,-1.761761,0.984927,0.621668,0.703491,-0.816832,0.987788,0.195000,0.669900,-0.523432,0.987275,0.762042,0.980107,-0.796804,0.599691,0.004146,0.900659,-0.427049,0.449555,0.851469,1.408783,-1.262908,0.192744,-0.109030,1.137869,-1.103356,0.218640
256,13.7312,0.367264,0.416565,-1.804018,0.986335,0.605491,0.700312,-0.808057,0.988692,0.192207,0.669451,-0.520515,0.987196,0.761517,0.975998,-0.782360,0.616982,0.003712,0.888601,-0.478118,0.447643,0.830989,1.412565,-1.230567,0.197488,-0.098068,0.972512,-1.560076,0.223330
257,13.7785,0.348411,0.418466,-1.564781,0.987633,0.571800,0.684275,-0.533569,0.989689,0.171575,0.665608,-0.399926,0.987831,0.754521,0.969462,-0.509376,0.636921,0.000112,0.907762,-0.585761,0.467732,0.832063,1.351280,-0.965380,0.202876,0.009921,0.848128,-1.646310,0.249627
258,13.8305,0.339145,0.420740,-1.595936,0.988411,0.566860,0.677307,-0.555916,0.989826,0.154244,0.665325,-0.409577,0.986064,0.751299,0.952473,-0.686994,0.648782,-0.045095,0.919871,-0.735334,0.488332,0.723647,1.087523,-1.169757,0.210276,0.033130,0.780508,-1.716056,0.272600
259,13.8796,0.333957,0.420949,-1.732031,0.989353,0.563422,0.685792,-0.707353,0.987054,0.154890,0.671504,-0.474800,0.979068,0.746213,0.952021,-1.011961,0.643584,-0.011594,0.878808,-0.759842,0.475155,0.681893,0.931764,-1.631397,0.217133,0.041201,0.811084,-1.683070,0.275499
260,13.9318,0.326189,0.418351,-1.607925,0.990260,0.563678,0.685197,-0.664894,0.987046,0.136974,0.693448,-0.412826,0.976849,0.746940,0.954510,-0.792374,0.645053,-0.027496,0.931193,-0.850688,0.480381,0.707943,1.107975,-1.143896,0.216269,0.067947,0.679073,-1.888681,0.291636
261,13.9825,0.320122,0.415787,-1.625747,0.991115,0.561309,0.680465,-0.696344,0.987874,0.136017,0.690882,-0.440302,0.975935,0.745266,0.956588,-0.739893,0.653184,-0.046388,0.933377,-0.889787,0.491635,0.793004,1.328933,-1.022144,0.217194,0.084353,0.579343,-1.880024,0.312468
262,14.0330,0.309480,0.414040,-1.646953,0.991882,0.556473,0.676532,-0.704677,0.988508,0.121451,0.687822,-0.435481,0.974860,0.743798,0.958230,-0.733180,0.662011,-0.047041,0.939121,-0.860289,0.487853,0.828892,1.377061,-1.030833,0.217728,0.074633,0.604318,-1.886871,0.322934
263,14.0840,0.301767,0.416567,-1.649420,0.992655,0.555972,0.667435,-0.739429,0.989555,0.124553,0.676651,-0.457807,0.976826,0.745583,0.969701,-0.772467,0.672080,-0.044205,0.923671,-0.981230,0.517787,0.811463,1.374503,-1.109433,0.220370,0.068487,0.586892,-2.107867,0.370209
264,14.1472,0.301935,0.418394,-1.663201,0.993304,0.552154,0.662338,-0.739762,0.990314,0.126145,0.661587,-0.415400,0.977340,0.741644,0.969042,-0.775739,0.680489,-0.043740,0.907197,-0.681274,0.502128,0.791757,1.323079,-1.142173,0.223694,-0.037217,0.759557,-1.786735,0.364800
265,14.1996,0.306280,0.420789,-1.653944,0.993934,0.554764,0.662071,-0.745710,0.991191,0.127189,0.660025,-0.479344,0.979096,0.743591,0.980039,-0.809472,0.677727,-0.099180,0.952381,-1.103253,0.531668,0.794792,1.307098,-1.214001,0.235817,-0.063293,0.681670,-2.328440,0.405581
266,14.2472,0.309047,0.427730,-1.730714,0.994442,0.555515,0.658884,-0.829669,0.991846,0.127734,0.653076,-0.536083,0.979883,0.738989,0.972162,-0.815981,0.682865,-0.090593,0.903750,-1.043477,0.531923,0.795573,1.308204,-1.204905,0.232138,-0.091292,0.701176,-2.164127,0.413733
267,14.2986,0.310030,0.431127,-1.853396,0.994894,0.557608,0.661248,-0.931409,0.992463,0.129240,0.650680,-0.655764,0.980999,0.740440,0.968039,-0.896052,0.689379,-0.113844,0.913117,-1.154453,0.558796,0.801364,1.355254,-1.198044,0.240738,-0.085697,0.630529,-2.279673,0.450257
268,14.3462,0.341835,0.441109,-1.966178,0.995292,0.584847,0.664893,-0.944456,0.992814,0.131527,0.651722,-0.827414,0.980886,0.742702,0.972214,-0.917861,0.682074,-0.101991,0.934060,-1.382409,0.567090,0.809141,1.432511,-1.186859,0.233880,0.012801,0.612233,-2.422568,0.457141
269,14.3983,0.364564,0.447800,-1.905028,0.995690,0.609897,0.681721,-0.922255,0.993168,0.141102,0.660472,-0.753332,0.981163,0.745820,0.980145,-0.901650,0.674004,-0.113837,0.953983,-1.260506,0.567322,0.810764,1.462315,-1.154634,0.228415,-0.012577,0.645532,-2.309603,0.457592
270,14.4420,0.379026,0.463642,-2.066912,0.996040,0.624830,0.691950,-1.075784,0.993451,0.162473,0.660352,-0.823553,0.981893,0.758186,0.983214,-1.053270,0.678223,-0.112654,1.011278,-1.248429,0.559534,0.828987,1.477246,-1.329666,0.227141,-0.011902,0.793276,-2.346528,0.452625
271,14.4922,0.401702,0.469672,-1.995368,0.996412,0.640829,0.694090,-0.999004,0.993949,0.175999,0.660217,-0.809941,0.983365,0.768487,0.990003,-1.002990,0.674758,-0.044963,0.993341,-1.371598,0.582056,0.850051,1.500225,-1.213129,0.226586,0.040580,0.761909,-2.509167,0.483097
272,14.5419,0.422332,0.474707,-1.998451,0.996749,0.650635,0.697398,-0.997076,0.994449,0.194345,0.657046,-0.870075,0.984927,0.774521,0.997285,-0.897733,0.679966,-0.019406,0.979087,-0.842227,0.596482,0.861660,1.536014,-1.213063,0.221138,-0.108667,1.342371,-1.470631,0.459798
273,14.5920,0.438685,0.472824,-1.961848,0.997061,0.659022,0.696319,-0.935581,0.994965,0.206870,0.650537,-0.803522,0.986373,0.781848,0.997225,-0.693854,0.694161,-0.001312,0.965033,-0.826014,0.617391,0.878199,1.529968,-1.027767,0.232525,-0.102690,1.227716,-1.648649,0.458018
274,14.6421,0.472110,0.481676,-1.964078,0.997332,0.690923,0.718351,-1.028277,0.995323,0.232029,0.650817,-0.929518,0.987707,0.832957,1.157378,-0.750190,0.688070,0.023054,0.996104,-0.774252,0.640314,0.882029,1.569112,-1.057904,0.217199,-0.085820,1.486727,-1.230735,0.433561
275,14.6924,0.483618,0.481182,-1.584804,0.997571,0.713312,0.738501,-0.850618,0.995683,0.257638,0.649461,-0.749096,0.988917,0.841588,1.212845,-0.605256,0.681840,0.051848,0.994175,-0.542621,0.657988,0.877817,1.600954,-0.746097,0.204793,-0.083691,1.446283,-0.950866,0.417468
276,14.7422,0.493414,0.480860,-1.681507,0.997798,0.720186,0.747192,-0.858119,0.996034,0.273606,0.650126,-0.704971,0.990001,0.849679,1.228377,-0.646280,0.682648,0.067853,0.990271,-0.624408,0.675127,0.877116,1.617036,-0.856782,0.198580,-0.063019,1.427638,-1.273548,0.411084
277,14.7918,0.498525,0.481093,-1.709099,0.998007,0.728346,0.753626,-0.863831,0.996369,0.287100,0.650077,-0.695146,0.990977,0.852083,1.243468,-0.650433,0.679553,0.079154,0.988902,-0.737505,0.690301,0.876148,1.626684,-0.844669,0.199123,-0.005251,1.302465,-1.559214,0.430765
278,14.8415,0.509454,0.480260,-1.599977,0.998201,0.736175,0.755094,-0.793769,0.996706,0.293585,0.654480,-0.593202,0.991857,0.848868,1.255254,-0.612086,0.676404,0.079050,0.987076,-0.907986,0.707732,0.876110,1.643316,-0.786250,0.202234,0.044900,1.109431,-2.025217,0.467207
279,14.8915,0.516217,0.481119,-1.594015,0.998376,0.742980,0.756951,-0.766818,0.997012,0.295563,0.657188,-0.587612,0.992653,0.854540,1.261118,-0.593254,0.679669,0.075270,0.986832,-1.027374,0.727131,0.875140,1.640063,-0.755132,0.211224,0.031858,0.936216,-2.185471,0.512612
280,14.9421,0.529925,0.480952,-1.358794,0.998531,0.761212,0.766400,-0.657905,0.997249,0.290526,0.666997,-0.467124,0.993364,0.861212,1.287782,-0.564453,0.658573,0.066249,0.996707,-0.985556,0.745566,0.873649,1.646483,-0.695719,0.202016,0.103182,0.798461,-1.954106,0.553494
281,14.9820,0.542135,0.481201,-1.490299,0.998653,0.764211,0.763638,-0.676766,0.997446,0.289363,0.671536,-0.630417,0.994017,0.865380,1.273819,-0.431225,0.644788,0.062176,1.001607,-0.589996,0.756937,0.869848,1.631852,-0.580734,0.186723,0.091990,1.410785,-0.995558,0.529447
282,15.0482,0.537591,0.481184,-1.442413,0.998783,0.767784,0.769677,-0.597586,0.997666,0.287555,0.673631,-0.590849,0.994609,0.868628,1.306365,-0.362330,0.639930,0.059598,1.001759,-0.468293,0.766701,0.869699,1.647234,-0.560764,0.173648,0.022381,1.417549,-0.972404,0.513151
283,15.0980,0.531778,0.481244,-1.468856,0.998899,0.773829,0.768806,-0.664840,0.997849,0.290097,0.674126,-0.576270,0.995136,0.869499,1.296128,-0.461855,0.629848,0.057943,1.003370,-0.834270,0.779221,0.869512,1.646329,-0.591182,0.166879,0.036521,1.092051,-1.822915,0.549993
284,15.1481,0.526643,0.481078,-1.400783,0.998998,0.773563,0.773022,-0.630436,0.997982,0.289820,0.667334,-0.589236,0.995617,0.866838,1.306784,-0.392709,0.614643,0.060815,0.993997,-0.457520,0.784022,0.849815,1.639149,-0.509231,0.153763,-0.048155,1.425085,-0.800412,0.520513
285,15.1985,0.524448,0.479744,-1.584600,0.999082,0.774352,0.773383,-0.742642,0.998062,0.287887,0.665356,-0.794031,0.996049,0.866244,1.295232,-0.450131,0.597437,0.064918,0.990386,-0.588570,0.788893,0.836887,1.634318,-0.539892,0.141257,-0.054862,1.472371,-0.935117,0.492512
286,15.2478,0.522545,0.479153,-1.658060,0.999128,0.773015,0.769752,-0.766279,0.998099,0.287275,0.660779,-0.832609,0.996435,0.862796,1.289459,-0.473033,0.589131,0.063952,0.989643,-0.637913,0.794685,0.832917,1.612056,-0.598703,0.129719,-0.062581,1.467806,-1.001539,0.460388
287,15.2988,0.521102,0.476592,-1.609686,0.999187,0.770328,0.769079,-0.715118,0.998141,0.286675,0.656990,-0.783803,0.996777,0.861652,1.290232,-0.464048,0.577832,0.061104,0.988271,-0.658266,0.797230,0.830835,1.601273,-0.611939,0.121070,-0.061252,1.399202,-1.165277,0.448210
288,15.3473,0.520231,0.475282,-1.604384,0.999211,0.768562,0.768896,-0.711659,0.998124,0.283509,0.651167,-0.814908,0.997081,0.855312,1.286832,-0.454129,0.560179,0.056794,0.988154,-0.667557,0.790736,0.827506,1.595308,-0.602595,0.111132,-0.114673,1.452326,-1.073904,0.417694
289,15.4016,0.519961,0.475318,-1.681653,0.999200,0.767363,0.765257,-0.758350,0.998033,0.278814,0.647750,-0.893407,0.997347,0.849130,1.282049,-0.500917,0.541411,0.050894,0.989972,-0.734452,0.783442,0.828770,1.592537,-0.691166,0.101855,-0.113458,1.483992,-1.101536,0.385825
290,15.4460,0.520629,0.475296,-1.613036,0.999230,0.766618,0.762270,-0.673764,0.998099,0.274258,0.647938,-0.870465,0.997584,0.841990,1.285199,-0.428661,0.542004,0.029426,1.000592,-0.844578,0.788925,0.831238,1.597013,-0.621965,0.096932,-0.106540,1.304454,-1.513996,0.395206
291,15.5112,0.520439,0.474245,-1.486358,0.999284,0.766064,0.754239,-0.574937,0.998119,0.272233,0.648110,-0.705186,0.997797,0.828544,1.266474,-0.252906,0.530250,0.003925,1.012976,-1.231266,0.806339,0.831299,1.583818,-0.174458,0.092515,0.094749,0.648917,-2.135582,0.451673
292,15.5609,0.520084,0.473616,-1.357453,0.999338,0.765693,0.750505,-0.479034,0.998225,0.269399,0.648228,-0.547474,0.997987,0.810135,1.083996,-0.151030,0.522601,-0.000888,1.013914,-1.083515,0.812797,0.828380,1.559471,-0.094472,0.092495,0.079892,0.695915,-2.075864,0.497930
293,15.6384,0.519853,0.472956,-1.427115,0.999374,0.764809,0.751151,-0.554496,0.998261,0.266360,0.648380,-0.562499,0.998151,0.802376,1.219361,-0.248265,0.500453,-0.000575,1.017149,-1.090677,0.807255,0.810294,1.568164,-0.269011,0.088408,-0.012960,0.922380,-2.035995,0.516285
294,15.7014,0.519187,0.472299,-1.430051,0.999421,0.763857,0.752042,-0.517894,0.998290,0.265891,0.649137,-0.601792,0.998281,0.800694,1.267960,-0.258127,0.482781,-0.002866,1.016686,-1.284654,0.817593,0.805483,1.569763,-0.251120,0.085706,0.093748,0.649506,-2.299337,0.555139
295,15.7588,0.517024,0.472311,-1.536754,0.999448,0.762712,0.752140,-0.637126,0.998280,0.265506,0.649257,-0.703601,0.998412,0.803083,1.288720,-0.382261,0.465805,-0.000186,1.016097,-1.120876,0.810419,0.807679,1.599066,-0.452745,0.081922,-0.044130,1.001639,-1.999016,0.558151
296,15.8458,0.514873,0.472287,-1.524866,0.999482,0.761959,0.750592,-0.630467,0.998357,0.265613,0.645840,-0.681637,0.998535,0.802020,1.283743,-0.381419,0.454639,0.003271,1.012748,-1.123209,0.808395,0.809225,1.573150,-0.449700,0.080000,-0.055795,0.969166,-2.143091,0.576783
297,15.8918,0.513032,0.472235,-1.510772,0.999464,0.760772,0.748076,-0.632620,0.998337,0.264457,0.645425,-0.714258,0.998663,0.802732,1.280414,-0.382773,0.449638,0.021651,1.012532,-0.630485,0.800939,0.810323,1.563287,-0.512634,0.073921,-0.093845,1.467232,-0.968989,0.530831
298,15.9433,0.512988,0.459879,-1.465223,0.999510,0.759956,0.748341,-0.631410,0.998424,0.269460,0.695580,-0.486668,0.998733,0.800906,1.071682,-0.525215,0.442278,0.044444,1.113158,-0.819615,0.802748,0.811020,1.554869,-0.809680,0.080480,0.072296,0.945468,-2.162553,0.564839
299,15.9929,0.512957,0.453858,-1.584594,0.999507,0.758386,0.746284,-0.603462,0.998396,0.253499,0.703107,-0.586660,0.998802,0.817016,1.133374,-0.488572,0.442871,0.087959,1.226818,-0.585446,0.786213,0.796843,1.548538,-0.853741,0.076009,0.093364,1.416380,-1.254194,0.530851
300,16.0456,0.512056,0.450731,-1.939816,0.999527,0.756990,0.744690,-0.858585,0.998222,0.252243,0.698285,-0.931036,0.998813,0.822919,1.160275,-0.677229,0.438840,0.103860,1.120549,-0.729500,0.760381,0.815579,1.549706,-1.109931,0.072047,0.080128,1.504170,-1.268799,0.490200
301,16.1021,0.509279,0.442342,-1.929692,0.999550,0.755662,0.739895,-0.863052,0.997930,0.253105,0.695559,-0.868996,0.998834,0.829984,1.162053,-0.707767,0.427939,0.095614,1.110121,-0.695238,0.747906,0.853528,1.583455,-1.139045,0.068028,0.068087,1.578404,-1.171478,0.453577
302,16.1586,0.506752,0.435455,-1.983833,0.999569,0.750999,0.716052,-0.895328,0.997836,0.254292,0.693565,-0.927462,0.998853,0.831809,1.159726,-0.708016,0.421974,0.095054,1.102051,-0.740370,0.737130,0.860326,1.571522,-1.109829,0.064213,0.064556,1.564449,-1.212476,0.420391
303,16.2078,0.499681,0.415506,-1.874861,0.999590,0.748080,0.703566,-0.838046,0.997878,0.253569,0.691834,-0.795231,0.998839,0.833261,1.169909,-0.726404,0.420619,0.097407,1.098585,-0.557318,0.729601,0.864790,1.581331,-1.265082,0.062457,0.058038,1.565158,-1.101329,0.387908
304,16.2619,0.493011,0.401180,-1.851166,0.999607,0.744801,0.698310,-0.820489,0.997902,0.252050,0.690496,-0.656305,0.998816,0.833599,1.174918,-0.677449,0.422009,0.098742,1.097215,-0.470062,0.721981,0.864527,1.585554,-1.198395,0.061642,0.057225,1.555851,-1.021871,0.359545
305,16.3079,0.491523,0.395856,-1.831148,0.999622,0.741467,0.696521,-0.774971,0.997953,0.248797,0.689506,-0.629428,0.998779,0.835020,1.176214,-0.665669,0.423060,0.097396,1.096651,-0.464892,0.710757,0.868735,1.585467,-1.223033,0.060783,0.054473,1.555917,-1.029121,0.331940
306,16.3583,0.489370,0.392551,-1.784558,0.999639,0.738559,0.694234,-0.758660,0.997983,0.247484,0.689367,-0.634935,0.998756,0.835145,1.175849,-0.654999,0.420037,0.095647,1.095406,-0.487861,0.699940,0.871343,1.585233,-1.178994,0.060222,0.053632,1.554671,-1.044928,0.307708
307,16.4088,0.486870,0.391539,-1.746504,0.999657,0.736182,0.690262,-0.756423,0.998067,0.247361,0.688590,-0.636002,0.998773,0.837475,1.173728,-0.658596,0.426512,0.094952,1.093835,-0.500594,0.695009,0.878160,1.584747,-1.168601,0.061371,0.054781,1.556416,-1.080823,0.288150
308,16.4595,0.483497,0.390993,-1.741777,0.999672,0.732228,0.684745,-0.755215,0.998149,0.246803,0.684985,-0.625223,0.998796,0.840135,1.163840,-0.651930,0.434386,0.094827,1.093135,-0.475012,0.693826,0.875517,1.532825,-1.157240,0.061492,0.055473,1.562343,-1.032636,0.269887
309,16.5105,0.478129,0.389671,-1.689735,0.999680,0.724383,0.682357,-0.677313,0.998174,0.246934,0.678911,-0.582293,0.998822,0.839489,1.153024,-0.563290,0.434889,0.099875,1.089125,-0.411045,0.695208,0.880417,1.535286,-1.140781,0.061243,0.054734,1.548306,-0.967203,0.258679
310,16.5593,0.475221,0.388771,-1.674483,0.999687,0.721350,0.683815,-0.676984,0.998200,0.247012,0.676452,-0.588684,0.998846,0.839056,1.153080,-0.573063,0.439401,0.100698,1.080362,-0.429490,0.695381,0.878699,1.538106,-1.130695,0.061368,0.054320,1.542663,-1.013443,0.249729
311,16.6093,0.473049,0.387441,-1.676859,0.999695,0.719260,0.684831,-0.684477,0.998199,0.247043,0.672988,-0.599729,0.998863,0.837244,1.149955,-0.578408,0.444057,0.102047,1.071508,-0.441054,0.693105,0.877445,1.536865,-1.116717,0.062238,0.053689,1.535571,-1.016446,0.241745
312,16.6597,0.472128,0.386990,-1.661344,0.999699,0.717921,0.685021,-0.671487,0.998222,0.246894,0.671624,-0.595813,0.998878,0.835377,1.144917,-0.572168,0.448765,0.104038,1.066420,-0.428281,0.691048,0.876746,1.532875,-1.110039,0.063001,0.052031,1.532469,-1.005286,0.235642
313,16.7095,0.470977,0.386558,-1.655107,0.999699,0.717665,0.685276,-0.672643,0.998234,0.246934,0.669292,-0.598070,0.998888,0.833327,1.145827,-0.575500,0.453685,0.105511,1.065044,-0.430917,0.686998,0.876401,1.533046,-1.114465,0.063841,0.051838,1.531927,-1.008685,0.228518
314,16.7591,0.470564,0.386609,-1.542884,0.999700,0.714345,0.683300,-0.566527,0.998277,0.246960,0.665305,-0.532213,0.998912,0.827419,1.134981,-0.457583,0.461283,0.107685,1.054437,-0.376123,0.683745,0.870035,1.517456,-0.972416,0.063920,0.051799,1.522953,-0.952486,0.222622
315,16.8094,0.468064,0.385953,-1.588217,0.999692,0.713434,0.683561,-0.599923,0.998224,0.246810,0.665676,-0.551992,0.998884,0.827703,1.135322,-0.484257,0.462262,0.107281,1.053664,-0.401468,0.680067,0.869812,1.519133,-1.022288,0.064478,0.052633,1.522189,-0.983021,0.215748
316,16.8606,0.467674,0.386036,-1.596408,0.999682,0.712584,0.681663,-0.616430,0.998222,0.246828,0.666604,-0.532182,0.998852,0.827765,1.129798,-0.501403,0.463591,0.107567,1.053726,-0.379233,0.676683,0.869576,1.513762,-1.075562,0.065601,0.053843,1.521956,-0.977285,0.209951
317,16.9084,0.467754,0.386175,-1.607866,0.999681,0.710163,0.678502,-0.620455,0.998247,0.246843,0.667225,-0.543410,0.998845,0.814009,1.017838,-0.519119,0.465762,0.107971,1.053686,-0.388965,0.676168,0.871784,1.503759,-1.076077,0.067275,0.054386,1.522726,-0.975623,0.206427
318,16.9607,0.467864,0.386838,-1.663210,0.999681,0.709006,0.677133,-0.637991,0.998218,0.246125,0.667312,-0.605326,0.998831,0.815037,1.035037,-0.524202,0.464664,0.107966,1.053607,-0.442550,0.673341,0.871827,1.498530,-1.072236,0.067191,0.054846,1.522470,-0.992218,0.201286
319,17.0078,0.468296,0.389084,-1.687153,0.999677,0.708320,0.676533,-0.638422,0.998181,0.245144,0.670231,-0.642118,0.998803,0.815644,1.039014,-0.528846,0.462362,0.107963,1.055022,-0.478279,0.669310,0.872105,1.500415,-1.060763,0.066490,0.062630,1.526617,-1.021259,0.196542
320,17.0583,0.468428,0.391032,-1.682255,0.999678,0.708000,0.676515,-0.642698,0.998176,0.245162,0.669612,-0.635906,0.998812,0.816298,1.044098,-0.532966,0.461274,0.108258,1.050523,-0.443591,0.666015,0.869333,1.495833,-1.048809,0.066619,0.060576,1.520498,-0.979418,0.192939
321,17.1102,0.464918,0.391107,-1.646271,0.999676,0.705839,0.676625,-0.643690,0.998166,0.244471,0.669395,-0.597127,0.998816,0.816629,1.053022,-0.534290,0.463850,0.108228,1.041205,-0.410618,0.663832,0.868137,1.495715,-1.039961,0.066556,0.055516,1.510746,-0.949578,0.188937
322,17.1585,0.461856,0.391175,-1.598926,0.999676,0.704727,0.677405,-0.638041,0.998195,0.244448,0.668920,-0.533086,0.998834,0.816745,1.068456,-0.536002,0.468970,0.108353,1.032428,-0.351136,0.663030,0.865143,1.496166,-1.042576,0.067005,0.054849,1.505817,-0.907309,0.186138
